x,y,z,dx,dy,dz
-624.9775817527725,-598.6603315263158,-273,50,50,50
-839.3039501219072,-534.9091917584809,-273,50,50,50
-856.6687678886002,-436.42841645726014,-273,50,50,50
-740.8231748206863,-517.5443739917879,-273,50,50,50
-642.3423995194655,-500.17955622509487,-273,50,50,50
-758.1879925873793,-419.0635986905671,-273,50,50,50
-659.7072172861585,-401.6987809238741,-273,50,50,50
-624.9775817527725,-598.6603315263158,-173,50,50,50
-856.6687678886002,-436.42841645726014,-173,50,50,50
-740.8231748206863,-517.5443739917879,-173,50,50,50
-642.3423995194655,-500.17955622509487,-173,50,50,50
-758.1879925873793,-419.0635986905671,-173,50,50,50
-659.7072172861585,-401.6987809238741,-173,50,50,50
-642.3423995194655,-500.17955622509487,-73,50,50,50
-758.1879925873793,-419.0635986905671,-73,50,50,50
-659.7072172861585,-401.6987809238741,-73,50,50,50
-503.30364545098064,-424.89194192444495,-123,100,100,100
-306.3420948485391,-390.1623063910588,-123,100,100,100
-526.4968064515517,-581.2955137596227,-273,50,50,50
-428.01603115033095,-563.9306959929297,-273,50,50,50
-543.8616242182447,-482.81473845840185,-273,50,50,50
-445.38084891702397,-465.4499206917088,-273,50,50,50
-561.2264419849378,-384.3339631571811,-273,50,50,50
-346.9000736158032,-448.0851029250158,-273,50,50,50
-248.41929831458242,-430.72028515832267,-273,50,50,50
-526.4968064515517,-581.2955137596227,-173,50,50,50
-428.01603115033095,-563.9306959929297,-173,50,50,50
-329.5352558491102,-546.5658782262367,-173,50,50,50
-329.5352558491102,-546.5658782262367,-73,50,50,50
-231.0544805478894,-529.2010604595437,-73,50,50,50
-109.38054424609754,-355.43267085767275,-123,100,100,100
87.581006356344,-320.7030353242867,-123,100,100,100
64.38784535577315,-477.1066071594645,-273,50,50,50
162.86862065699393,-459.74178939277147,-273,50,50,50
-149.93852301336142,-413.35546739162965,-273,50,50,50
-51.457747712140645,-395.9906496249366,-273,50,50,50
47.02302758908013,-378.6258318582436,-273,50,50,50
145.5038028903009,-361.2610140915506,-273,50,50,50
-132.5737052466684,-511.83624269285065,-173,50,50,50
-34.09292994544762,-494.4714249261576,-173,50,50,50
-132.5737052466684,-511.83624269285065,-73,50,50,50
-34.09292994544762,-494.4714249261576,-73,50,50,50
64.38784535577315,-477.1066071594645,-173,50,50,50
162.86862065699393,-459.74178939277147,-173,50,50,50
64.38784535577315,-477.1066071594645,-73,50,50,50
162.86862065699393,-459.74178939277147,-73,50,50,50
284.5425569587858,-285.97339979090066,-123,100,100,100
243.98457819152168,-343.89619632485756,-273,50,50,50
342.4653534927427,-326.53137855816453,-273,50,50,50
226.61976042482866,-245.41542102363678,-273,50,50,50
325.10053572604966,-228.05060325694376,-273,50,50,50
261.3493959582147,-442.37697162607844,-173,50,50,50
261.3493959582147,-442.37697162607844,-73,50,50,50
359.8301712594357,-425.0121538593854,-73,50,50,50
423.5813110272702,-210.68578549025074,-173,50,50,50
440.94612879396345,-309.1665607914715,-73,50,50,50
423.5813110272702,-210.68578549025074,-73,50,50,50
522.0620863284912,-193.32096772355771,-73,50,50,50
-1320.0511401602555,-111.96458631914902,-273,50,50,50
-1105.724771791121,-175.71572608698375,-273,50,50,50
-1221.5703648590347,-94.599768552456,-273,50,50,50
-1123.0895895578137,-77.23495078576298,-273,50,50,50
-1105.724771791121,-175.71572608698375,-173,50,50,50
-1221.5703648590347,-94.599768552456,-173,50,50,50
-1123.0895895578137,-77.23495078576298,-173,50,50,50
-1123.0895895578137,-77.23495078576298,-73,50,50,50
-734.9948315868086,-262.66002685538933,-123,100,100,100
-966.6860177226362,-100.42811178633406,-123,100,100,100
-769.7244671201946,-65.69847625294778,-123,100,100,100
-874.0335856552932,-337.94764115603937,-273,50,50,50
-891.3984034219862,-239.46686585481848,-273,50,50,50
-775.5528103540723,-320.58282338934634,-273,50,50,50
-792.9176281207654,-222.10204808812568,-273,50,50,50
-1007.2439964899,-158.35090832029073,-273,50,50,50
-908.7632211886793,-140.9860905535977,-273,50,50,50
-1024.6088142565932,-59.870133019069954,-273,50,50,50
-926.1280389553723,-42.50531525237693,-273,50,50,50
-810.2824458874584,-123.62127278690468,-273,50,50,50
-827.6472636541514,-25.14049748568391,-273,50,50,50
-729.1664883529306,-7.775679718990887,-273,50,50,50
-874.0335856552932,-337.94764115603937,-173,50,50,50
-891.3984034219862,-239.46686585481848,-173,50,50,50
-538.0332809843667,-227.9303913220033,-123,100,100,100
-341.07173038192514,-193.20075578861724,-123,100,100,100
-572.7629165177527,-30.96884071956174,-123,100,100,100
-375.8013659153112,3.7607948138243046,-123,100,100,100
-144.1101797794836,-158.4711202552312,-123,100,100,100
52.85137082295796,-123.74148472184515,-123,100,100,100
-178.83981531286963,38.49043034721035,-123,100,100,100
18.121735289571916,73.2200658805964,-123,100,100,100
76.04453182352881,32.662087113332746,-273,50,50,50
58.67971405683579,131.1428624145533,-273,50,50,50
249.81292142539974,-89.01184918845911,-123,100,100,100
446.77447202784106,-54.282213655073065,-123,100,100,100
215.08328589201346,107.94970141398244,-123,100,100,100
412.044836494455,142.67933694736848,-123,100,100,100
209.25494265813563,-146.934645722416,-273,50,50,50
307.73571795935663,-129.56982795572299,-273,50,50,50
191.8901248914426,-48.453870421195234,-273,50,50,50
290.3709001926636,-31.08905265450221,-273,50,50,50
388.85167549388416,-13.724234887809189,-273,50,50,50
487.33245079510516,3.6405828788838335,-273,50,50,50
174.5253071247496,50.02690488002554,-273,50,50,50
273.0060824259706,67.39172264671879,-273,50,50,50
157.16048935805657,148.50768018124654,-273,50,50,50
255.64126465927757,165.87249794793934,-273,50,50,50
371.48685772719114,84.75654041341159,-273,50,50,50
469.9676330284119,102.12135818010483,-273,50,50,50
354.1220399604981,183.2373157146326,-273,50,50,50
452.6028152617191,200.60213348132538,-273,50,50,50
643.7360226302826,-19.55257812168702,-123,100,100,100
609.0063870968966,177.40897248075453,-123,100,100,100
805.9679376993381,212.13860801414057,-123,100,100,100
568.4484083296329,119.48617594679786,-273,50,50,50
666.9291836308539,136.85099371349088,-273,50,50,50
551.0835905629397,217.96695124801863,-273,50,50,50
649.5643658641607,235.33176901471165,-273,50,50,50
782.7747766987673,55.7350361789629,-173,50,50,50
800.1395944654605,-42.74573912225787,-73,50,50,50
898.6203697666815,-25.38092135556485,-73,50,50,50
782.7747766987673,55.7350361789629,-73,50,50,50
881.2555519999883,73.09985394565592,-73,50,50,50
979.7363273012093,90.46467171234895,-73,50,50,50
962.371509534516,188.94544701356995,-73,50,50,50
945.0066917678232,287.4262223147907,-73,50,50,50
1043.4874670690438,304.79104008148374,-73,50,50,50
-1337.4159579269485,-13.483811017928247,-273,50,50,50
-1354.7807756936415,84.99696428329253,-273,50,50,50
-1238.9351826257275,3.8810067487647757,-273,50,50,50
-1140.454407324507,21.245824515457798,-273,50,50,50
-1256.3000003924208,102.36178204998555,-273,50,50,50
-1157.8192250911998,119.72659981667857,-273,50,50,50
-1372.1455934603346,183.4777395845133,-273,50,50,50
-1273.6648181591136,200.84255735120632,-273,50,50,50
-1175.184042857893,218.20737511789935,-273,50,50,50
-1291.0296359258068,299.3233326524271,-273,50,50,50
-1192.548860624586,316.6881504191201,-273,50,50,50
-1337.4159579269485,-13.483811017928247,-173,50,50,50
-1354.7807756936415,84.99696428329253,-173,50,50,50
-1238.9351826257275,3.8810067487647757,-173,50,50,50
-1140.454407324507,21.245824515457798,-173,50,50,50
-1256.3000003924208,102.36178204998555,-173,50,50,50
-1157.8192250911998,119.72659981667857,-173,50,50,50
-1140.454407324507,21.245824515457798,-73,50,50,50
-1256.3000003924208,102.36178204998555,-73,50,50,50
-1157.8192250911998,119.72659981667857,-73,50,50,50
-1372.1455934603346,183.4777395845133,-173,50,50,50
-1273.6648181591136,200.84255735120632,-173,50,50,50
-1175.184042857893,218.20737511789935,-173,50,50,50
-1192.548860624586,316.6881504191201,-173,50,50,50
-1001.4156532560222,96.53343881610772,-123,100,100,100
-804.4541026535807,131.26307434949376,-123,100,100,100
-839.1837381869668,328.2246249519353,-123,100,100,100
-1041.973632023286,38.61064228215082,-273,50,50,50
-943.4928567220653,55.97546004884384,-273,50,50,50
-1059.3384497899792,137.0914175833716,-273,50,50,50
-960.8576744887583,154.45623535006462,-273,50,50,50
-845.0120814208444,73.34027781553687,-273,50,50,50
-746.5313061196237,90.70509558222989,-273,50,50,50
-862.3768991875374,171.82105311675764,-273,50,50,50
-763.8961238863167,189.18587088345066,-273,50,50,50
-1076.703267556672,235.57219288459237,-273,50,50,50
-978.2224922554514,252.9370106512854,-273,50,50,50
-1094.0680853233653,334.05296818581314,-273,50,50,50
-995.5873100221445,351.41778595250616,-273,50,50,50
-879.7417169542305,270.3018284179784,-273,50,50,50
-781.2609416530097,287.66664618467144,-273,50,50,50
-897.1065347209235,368.7826037191992,-273,50,50,50
-798.6257594197027,386.1474214858922,-273,50,50,50
-1076.703267556672,235.57219288459237,-173,50,50,50
-978.2224922554514,252.9370106512854,-173,50,50,50
-1094.0680853233653,334.05296818581314,-173,50,50,50
-995.5873100221445,351.41778595250616,-173,50,50,50
-1076.703267556672,235.57219288459237,-73,50,50,50
-978.2224922554514,252.9370106512854,-73,50,50,50
-995.5873100221445,351.41778595250616,-73,50,50,50
-607.492552051139,165.99270988288004,-123,100,100,100
-410.53100144869745,200.72234541626608,-123,100,100,100
-642.222187584525,362.9542604853216,-123,100,100,100
-445.2606369820835,397.6838960187076,-123,100,100,100
-648.0505308184029,108.06991334892291,-273,50,50,50
-665.4153485850959,206.55068865014368,-273,50,50,50
-682.7801663517889,305.03146395136446,-273,50,50,50
-584.2993910505681,322.3962817180575,-273,50,50,50
-700.144984118482,403.51223925258523,-273,50,50,50
-601.6642088172612,420.87705701927825,-273,50,50,50
-213.5694508462559,235.45198094965212,-123,100,100,100
-16.607900243814356,270.18161648303817,-123,100,100,100
-248.29908637964195,432.4135315520937,-123,100,100,100
-51.3375357772004,467.1431670854797,-123,100,100,100
41.31489629014277,229.6236377157743,-273,50,50,50
23.950078523449747,328.10441301699484,-273,50,50,50
180.35365035862742,304.9112520164242,-123,100,100,100
377.31520096106897,339.64088754981026,-123,100,100,100
145.62401482524137,501.87280261886576,-123,100,100,100
342.5855654276829,536.6024381522518,-123,100,100,100
139.79567159136354,246.9884554824671,-273,50,50,50
238.27644689258454,264.35327324916034,-273,50,50,50
122.43085382467052,345.4692307836881,-273,50,50,50
220.91162912589152,362.8340485503809,-273,50,50,50
336.7572221938051,281.71809101585313,-273,50,50,50
319.39240442711207,380.19886631707413,-273,50,50,50
417.87317972833307,397.56368408376693,-273,50,50,50
105.0660360579775,443.95000608490864,-273,50,50,50
203.5468113591985,461.3148238516019,-273,50,50,50
186.18199359250548,559.7955991528224,-273,50,50,50
302.02758666041905,478.6796416182947,-273,50,50,50
400.5083619616398,496.04445938498793,-273,50,50,50
284.662768893726,577.1604169195157,-273,50,50,50
383.143544194947,594.5252346862085,-273,50,50,50
574.2767515635105,374.3705230831963,-123,100,100,100
771.2383021659521,409.10015861658235,-123,100,100,100
533.7187727962464,316.4477265492394,-273,50,50,50
632.1995480974674,333.8125443159324,-273,50,50,50
516.3539550295536,414.9285018504602,-273,50,50,50
498.98913726286037,513.409277151681,-173,50,50,50
597.4699125640814,530.774094918374,-173,50,50,50
481.6243194961676,611.8900524529017,-173,50,50,50
498.98913726286037,513.409277151681,-73,50,50,50
597.4699125640814,530.774094918374,-73,50,50,50
481.6243194961676,611.8900524529017,-73,50,50,50
580.1050947973886,629.2548702195947,-73,50,50,50
695.9506878653019,548.138912685067,-73,50,50,50
794.4314631665229,565.50373045176,-73,50,50,50
927.64187400113,385.9069976160115,-73,50,50,50
1026.1226493023505,403.2718153827045,-73,50,50,50
910.2770562344372,484.38777291723227,-73,50,50,50
-1209.913678391279,415.1689257203411,-273,50,50,50
-1227.278496157972,513.6497010215619,-273,50,50,50
-1244.643313924665,612.1304763227827,-273,50,50,50
-1262.0081316913581,710.6112516240032,-273,50,50,50
-1227.278496157972,513.6497010215619,-173,50,50,50
-1244.643313924665,612.1304763227827,-173,50,50,50
-1262.0081316913581,710.6112516240032,-173,50,50,50
-873.9133737203529,525.1861755543769,-123,100,100,100
-1105.6045598561805,687.4180906234324,-123,100,100,100
-908.6430092537389,722.1477261568184,-123,100,100,100
-1111.4329030900583,432.53374348703414,-273,50,50,50
-1012.9521277888375,449.89856125372717,-273,50,50,50
-1128.7977208567513,531.0145187882549,-273,50,50,50
-1030.3169455555305,548.3793365549479,-273,50,50,50
-914.4713524876165,467.2633790204202,-273,50,50,50
-815.9905771863957,484.6281967871132,-273,50,50,50
-931.8361702543095,565.744154321641,-273,50,50,50
-833.3553949530888,583.108972088334,-273,50,50,50
-1146.1625386234443,629.4952940894757,-273,50,50,50
-1047.6817633222236,646.8601118561687,-273,50,50,50
-1163.5273563901374,727.9760693906965,-273,50,50,50
-1065.0465810889166,745.3408871573893,-273,50,50,50
-949.2009880210027,664.2249296228617,-273,50,50,50
-850.7202127197819,681.5897473895548,-273,50,50,50
-966.5658057876957,762.7057049240825,-273,50,50,50
-868.0850304864749,780.0705226907758,-273,50,50,50
-1111.4329030900583,432.53374348703414,-173,50,50,50
-1012.9521277888375,449.89856125372717,-173,50,50,50
-1128.7977208567513,531.0145187882549,-173,50,50,50
-1030.3169455555305,548.3793365549479,-173,50,50,50
-1012.9521277888375,449.89856125372717,-73,50,50,50
-1030.3169455555305,548.3793365549479,-73,50,50,50
-676.9518231179111,559.9158110877631,-123,100,100,100
-479.99027251546954,594.6454466211492,-123,100,100,100
-711.6814586512971,756.8773616902045,-123,100,100,100
-514.7199080488556,791.6069972235905,-123,100,100,100
-717.509801885175,501.99301455380623,-273,50,50,50
-619.0290265839542,519.3578323204993,-273,50,50,50
-734.874619651868,600.473789855027,-273,50,50,50
-752.2394374185611,698.9545651562478,-273,50,50,50
-653.7586621173404,716.3193829229408,-273,50,50,50
-769.6042551852541,797.4353404574686,-273,50,50,50
-671.1234798840334,814.8001582241618,-273,50,50,50
-572.6427045828127,832.1649759908546,-273,50,50,50
-474.1619292815917,849.5297937575478,-273,50,50,50
-283.028721913028,629.3750821545352,-123,100,100,100
-86.06717131058645,664.1047176879213,-123,100,100,100
-317.75835744641404,826.3366327569765,-123,100,100,100
-120.79680684397249,861.066268290363,-123,100,100,100
-375.6811539803707,866.8946115242406,-273,50,50,50
-277.20037867915016,884.2594292909339,-273,50,50,50
-62.874010310015365,820.5082895230989,-273,50,50,50
-178.71960337792916,901.6242470576267,-273,50,50,50
-80.23882807670861,918.9890648243199,-273,50,50,50
110.89437929185533,698.8343532213073,-123,100,100,100
307.8559298942969,733.5639887546931,-123,100,100,100
151.45235805911943,756.7571497552644,-273,50,50,50
267.297951127033,675.6411922207367,-273,50,50,50
365.778726428254,693.0060099874295,-273,50,50,50
249.93313336033998,774.1219675219572,-273,50,50,50
348.413908661561,791.4867852886505,-273,50,50,50
35.60676499120518,837.8731072897922,-273,50,50,50
134.08754029242618,855.237925056485,-273,50,50,50
232.56831559364673,872.6027428231782,-273,50,50,50
35.60676499120518,837.8731072897922,-173,50,50,50
134.08754029242618,855.237925056485,-173,50,50,50
35.60676499120518,837.8731072897922,-73,50,50,50
134.08754029242618,855.237925056485,-73,50,50,50
18.241947224512387,936.3538825910127,-73,50,50,50
116.72272252573339,953.718700357706,-73,50,50,50
232.56831559364673,872.6027428231782,-173,50,50,50
232.56831559364673,872.6027428231782,-73,50,50,50
464.2595017294743,710.3708277541227,-173,50,50,50
446.8946839627815,808.8516030553433,-173,50,50,50
464.2595017294743,710.3708277541227,-73,50,50,50
446.8946839627815,808.8516030553433,-73,50,50,50
-1279.3729494580512,809.0920269252242,-273,50,50,50
-1180.8921741568304,826.456844691917,-273,50,50,50
-1082.4113988556096,843.8216624586103,-273,50,50,50
-983.9306235543887,861.1864802253031,-273,50,50,50
-885.4498482531679,878.5512979919963,-273,50,50,50
-1180.8921741568304,826.456844691917,-173,50,50,50
-1082.4113988556096,843.8216624586103,-173,50,50,50
-1082.4113988556096,843.8216624586103,-73,50,50,50
-983.9306235543887,861.1864802253031,-173,50,50,50
-688.4882976507264,913.2809335253824,-273,50,50,50
-590.0075223495055,930.6457512920756,-273,50,50,50
-491.52674704828496,948.0105690587684,-273,50,50,50
-607.3723401161988,1029.1265265932966,-273,50,50,50
-508.89156481497776,1046.4913443599894,-273,50,50,50
-688.4882976507264,913.2809335253824,-173,50,50,50
-590.0075223495055,930.6457512920756,-173,50,50,50
-491.52674704828496,948.0105690587684,-173,50,50,50
-607.3723401161988,1029.1265265932966,-173,50,50,50
-508.89156481497776,1046.4913443599894,-173,50,50,50
-590.0075223495055,930.6457512920756,-73,50,50,50
-491.52674704828496,948.0105690587684,-73,50,50,50
-393.04597174706396,965.3753868254616,-273,50,50,50
-294.56519644584296,982.7402045921544,-273,50,50,50
-410.41078951375675,1063.8561621266826,-273,50,50,50
-393.04597174706396,965.3753868254616,-173,50,50,50
-294.56519644584296,982.7402045921544,-173,50,50,50
-410.41078951375675,1063.8561621266826,-173,50,50,50
-393.04597174706396,965.3753868254616,-73,50,50,50
-294.56519644584296,982.7402045921544,-73,50,50,50
-294.8056203157241,-743.5274288286782,327,50,50,50
-503.30364545098064,-424.89194192444495,77,100,100,100
-306.3420948485391,-390.1623063910588,77,100,100,100
-271.61245931515305,-587.1238569935006,277,100,100,100
-503.30364545098064,-424.89194192444495,277,100,100,100
-306.3420948485391,-390.1623063910588,277,100,100,100
-428.01603115033095,-563.9306959929297,27,50,50,50
-428.01603115033095,-563.9306959929297,127,50,50,50
-213.68966278119638,-627.6818357607644,27,50,50,50
-329.5352558491102,-546.5658782262367,27,50,50,50
-231.0544805478894,-529.2010604595437,27,50,50,50
-312.17043808241715,-645.0466535274575,127,50,50,50
-213.68966278119638,-627.6818357607644,127,50,50,50
-329.5352558491102,-546.5658782262367,127,50,50,50
-231.0544805478894,-529.2010604595437,127,50,50,50
-410.6512133836379,-662.4114712941505,227,50,50,50
-526.4968064515517,-581.2955137596227,227,50,50,50
-428.01603115033095,-563.9306959929297,227,50,50,50
-410.6512133836379,-662.4114712941505,327,50,50,50
-526.4968064515517,-581.2955137596227,327,50,50,50
-428.01603115033095,-563.9306959929297,327,50,50,50
6.465048821816254,-436.5486283922007,177,200,200,200
284.5425569587858,-285.97339979090066,77,100,100,100
481.5041075612271,-251.2437642575146,77,100,100,100
319.2721924921718,-482.9349503933423,277,100,100,100
284.5425569587858,-285.97339979090066,277,100,100,100
481.5041075612271,-251.2437642575146,277,100,100,100
278.7142137249077,-540.8577469272992,27,50,50,50
261.3493959582147,-442.37697162607844,27,50,50,50
359.8301712594357,-425.0121538593854,27,50,50,50
278.7142137249077,-540.8577469272992,127,50,50,50
377.1949890261287,-523.4929291606062,127,50,50,50
261.3493959582147,-442.37697162607844,127,50,50,50
359.8301712594357,-425.0121538593854,127,50,50,50
458.31094656065625,-407.6473360926924,27,50,50,50
458.31094656065625,-407.6473360926924,127,50,50,50
556.7917218618772,-390.2825183259994,127,50,50,50
458.31094656065625,-407.6473360926924,227,50,50,50
556.7917218618772,-390.2825183259994,227,50,50,50
458.31094656065625,-407.6473360926924,327,50,50,50
556.7917218618772,-390.2825183259994,327,50,50,50
620.5428616297118,-175.9561499568647,27,50,50,50
637.907679396405,-274.43692525808547,127,50,50,50
620.5428616297118,-175.9561499568647,127,50,50,50
719.0236369309328,-158.59133219017167,127,50,50,50
637.907679396405,-274.43692525808547,227,50,50,50
620.5428616297118,-175.9561499568647,227,50,50,50
719.0236369309328,-158.59133219017167,227,50,50,50
637.907679396405,-274.43692525808547,327,50,50,50
736.388454697626,-257.07210749139244,327,50,50,50
620.5428616297118,-175.9561499568647,327,50,50,50
719.0236369309328,-158.59133219017167,327,50,50,50
-1320.0511401602555,-111.96458631914902,327,50,50,50
-1123.0895895578137,-77.23495078576298,227,50,50,50
-1105.724771791121,-175.71572608698375,327,50,50,50
-1221.5703648590347,-94.599768552456,327,50,50,50
-1123.0895895578137,-77.23495078576298,327,50,50,50
-966.6860177226362,-100.42811178633406,77,100,100,100
-769.7244671201946,-65.69847625294778,77,100,100,100
-966.6860177226362,-100.42811178633406,277,100,100,100
-769.7244671201946,-65.69847625294778,277,100,100,100
-694.4368528195446,-204.73723032143243,27,50,50,50
-792.9176281207654,-222.10204808812568,127,50,50,50
-694.4368528195446,-204.73723032143243,127,50,50,50
-891.3984034219862,-239.46686585481848,227,50,50,50
-989.879178723207,-256.83168362151173,327,50,50,50
-891.3984034219862,-239.46686585481848,327,50,50,50
-792.9176281207654,-222.10204808812568,227,50,50,50
-694.4368528195446,-204.73723032143243,227,50,50,50
-677.0720350528516,-303.21800562265344,327,50,50,50
-792.9176281207654,-222.10204808812568,327,50,50,50
-694.4368528195446,-204.73723032143243,327,50,50,50
-456.91732344983893,-112.08479825408949,177,200,200,200
-62.994222244955836,-42.6255271873174,177,200,200,200
330.92887895992726,26.833743879454687,177,200,200,200
643.7360226302826,-19.55257812168702,77,100,100,100
840.6975732327242,15.177057411699025,77,100,100,100
609.0063870968966,177.40897248075453,77,100,100,100
805.9679376993381,212.13860801414057,77,100,100,100
643.7360226302826,-19.55257812168702,277,100,100,100
609.0063870968966,177.40897248075453,277,100,100,100
805.9679376993381,212.13860801414057,277,100,100,100
800.1395944654605,-42.74573912225787,227,50,50,50
898.6203697666815,-25.38092135556485,227,50,50,50
782.7747766987673,55.7350361789629,227,50,50,50
881.2555519999883,73.09985394565592,227,50,50,50
800.1395944654605,-42.74573912225787,327,50,50,50
782.7747766987673,55.7350361789629,327,50,50,50
881.2555519999883,73.09985394565592,327,50,50,50
1002.9294883017797,246.86824354752662,77,100,100,100
1002.9294883017797,246.86824354752662,277,100,100,100
997.1011450679025,-8.016103588871829,27,50,50,50
979.7363273012093,90.46467171234895,27,50,50,50
1078.2171026024298,107.82948947904197,27,50,50,50
997.1011450679025,-8.016103588871829,127,50,50,50
1095.581920369123,9.348714177821421,127,50,50,50
979.7363273012093,90.46467171234895,127,50,50,50
1078.2171026024298,107.82948947904197,127,50,50,50
1141.9682423702648,322.15585784817677,27,50,50,50
1159.333060136958,223.675082546956,127,50,50,50
1141.9682423702648,322.15585784817677,127,50,50,50
997.1011450679025,-8.016103588871829,227,50,50,50
1095.581920369123,9.348714177821421,227,50,50,50
979.7363273012093,90.46467171234895,227,50,50,50
1078.2171026024298,107.82948947904197,227,50,50,50
979.7363273012093,90.46467171234895,327,50,50,50
1078.2171026024298,107.82948947904197,327,50,50,50
1176.6978779036508,125.19430724573522,227,50,50,50
1176.6978779036508,125.19430724573522,327,50,50,50
1159.333060136958,223.675082546956,227,50,50,50
1141.9682423702648,322.15585784817677,227,50,50,50
1159.333060136958,223.675082546956,327,50,50,50
1141.9682423702648,322.15585784817677,327,50,50,50
-1198.3772038584639,61.803803282721674,277,100,100,100
-1233.10683939185,258.7653538851632,277,100,100,100
-1140.454407324507,21.245824515457798,27,50,50,50
-1140.454407324507,21.245824515457798,127,50,50,50
-1337.4159579269485,-13.483811017928247,327,50,50,50
-1453.2615509948623,67.6321465165995,327,50,50,50
-1354.7807756936415,84.99696428329253,327,50,50,50
-1372.1455934603346,183.4777395845133,227,50,50,50
-1470.6263687615553,166.11292181782028,327,50,50,50
-1372.1455934603346,183.4777395845133,327,50,50,50
-1487.9911865282484,264.59369711904105,327,50,50,50
-1389.5104112270276,281.9585148857341,327,50,50,50
-1001.4156532560222,96.53343881610772,77,100,100,100
-804.4541026535807,131.26307434949376,77,100,100,100
-839.1837381869668,328.2246249519353,77,100,100,100
-1001.4156532560222,96.53343881610772,277,100,100,100
-804.4541026535807,131.26307434949376,277,100,100,100
-1036.1452887894084,293.49498941854927,277,100,100,100
-839.1837381869668,328.2246249519353,277,100,100,100
-978.2224922554514,252.9370106512854,27,50,50,50
-995.5873100221445,351.41778595250616,27,50,50,50
-1076.703267556672,235.57219288459237,127,50,50,50
-978.2224922554514,252.9370106512854,127,50,50,50
-995.5873100221445,351.41778595250616,127,50,50,50
-526.3765945166112,281.83830295079383,177,200,200,200
-132.45349331172815,351.2975740175659,177,200,200,200
261.46960789315494,420.756845084338,177,200,200,200
574.2767515635105,374.3705230831963,77,100,100,100
771.2383021659521,409.10015861658235,77,100,100,100
539.5471160301245,571.3320736856379,77,100,100,100
574.2767515635105,374.3705230831963,277,100,100,100
771.2383021659521,409.10015861658235,277,100,100,100
539.5471160301245,571.3320736856379,277,100,100,100
695.9506878653019,548.138912685067,27,50,50,50
794.4314631665229,565.50373045176,27,50,50,50
678.5858700986091,646.6196879862878,27,50,50,50
695.9506878653019,548.138912685067,127,50,50,50
794.4314631665229,565.50373045176,127,50,50,50
678.5858700986091,646.6196879862878,127,50,50,50
695.9506878653019,548.138912685067,227,50,50,50
794.4314631665229,565.50373045176,227,50,50,50
678.5858700986091,646.6196879862878,227,50,50,50
695.9506878653019,548.138912685067,327,50,50,50
794.4314631665229,565.50373045176,327,50,50,50
678.5858700986091,646.6196879862878,327,50,50,50
777.0666453998301,663.9845057529808,327,50,50,50
968.1998527683936,443.8297941499684,77,100,100,100
968.1998527683936,443.8297941499684,277,100,100,100
1124.6034246035715,420.63663314939754,127,50,50,50
892.9122384677439,582.868548218453,27,50,50,50
892.9122384677439,582.868548218453,127,50,50,50
991.3930137689645,600.2333659851461,127,50,50,50
1124.6034246035715,420.63663314939754,227,50,50,50
1107.2386068368787,519.1174084506183,227,50,50,50
1124.6034246035715,420.63663314939754,327,50,50,50
892.9122384677439,582.868548218453,227,50,50,50
991.3930137689645,600.2333659851461,227,50,50,50
-1406.8752289937206,380.4392901869551,327,50,50,50
-1424.2400467604136,478.92006548817585,327,50,50,50
-1308.3944536924998,397.8041079536481,227,50,50,50
-1209.913678391279,415.1689257203411,227,50,50,50
-1308.3944536924998,397.8041079536481,327,50,50,50
-1209.913678391279,415.1689257203411,327,50,50,50
-1325.7592714591929,496.2848832548689,327,50,50,50
-1227.278496157972,513.6497010215619,327,50,50,50
-1244.643313924665,612.1304763227827,327,50,50,50
-873.9133737203529,525.1861755543769,77,100,100,100
-873.9133737203529,525.1861755543769,277,100,100,100
-1012.9521277888375,449.89856125372717,27,50,50,50
-1030.3169455555305,548.3793365549479,27,50,50,50
-1012.9521277888375,449.89856125372717,127,50,50,50
-1030.3169455555305,548.3793365549479,127,50,50,50
-949.2009880210027,664.2249296228617,27,50,50,50
-850.7202127197819,681.5897473895548,27,50,50,50
-868.0850304864749,780.0705226907758,27,50,50,50
-949.2009880210027,664.2249296228617,127,50,50,50
-850.7202127197819,681.5897473895548,127,50,50,50
-868.0850304864749,780.0705226907758,127,50,50,50
-1111.4329030900583,432.53374348703414,227,50,50,50
-1012.9521277888375,449.89856125372717,227,50,50,50
-1030.3169455555305,548.3793365549479,227,50,50,50
-1111.4329030900583,432.53374348703414,327,50,50,50
-1012.9521277888375,449.89856125372717,327,50,50,50
-1128.7977208567513,531.0145187882549,327,50,50,50
-1030.3169455555305,548.3793365549479,327,50,50,50
-1146.1625386234443,629.4952940894757,327,50,50,50
-1047.6817633222236,646.8601118561687,327,50,50,50
-949.2009880210027,664.2249296228617,227,50,50,50
-850.7202127197819,681.5897473895548,227,50,50,50
-868.0850304864749,780.0705226907758,227,50,50,50
-949.2009880210027,664.2249296228617,327,50,50,50
-850.7202127197819,681.5897473895548,327,50,50,50
-868.0850304864749,780.0705226907758,327,50,50,50
-676.9518231179111,559.9158110877631,77,100,100,100
-479.99027251546954,594.6454466211492,77,100,100,100
-676.9518231179111,559.9158110877631,277,100,100,100
-479.99027251546954,594.6454466211492,277,100,100,100
-752.2394374185611,698.9545651562478,27,50,50,50
-653.7586621173404,716.3193829229408,27,50,50,50
-752.2394374185611,698.9545651562478,127,50,50,50
-653.7586621173404,716.3193829229408,127,50,50,50
-555.2778868161195,733.684200689634,27,50,50,50
-456.7971115148989,751.0490184563268,27,50,50,50
-474.1619292815917,849.5297937575478,27,50,50,50
-555.2778868161195,733.684200689634,127,50,50,50
-456.7971115148989,751.0490184563268,127,50,50,50
-752.2394374185611,698.9545651562478,227,50,50,50
-653.7586621173404,716.3193829229408,227,50,50,50
-769.6042551852541,797.4353404574686,227,50,50,50
-752.2394374185611,698.9545651562478,327,50,50,50
-653.7586621173404,716.3193829229408,327,50,50,50
-769.6042551852541,797.4353404574686,327,50,50,50
-555.2778868161195,733.684200689634,227,50,50,50
-456.7971115148989,751.0490184563268,227,50,50,50
-474.1619292815917,849.5297937575478,227,50,50,50
-555.2778868161195,733.684200689634,327,50,50,50
-456.7971115148989,751.0490184563268,327,50,50,50
-474.1619292815917,849.5297937575478,327,50,50,50
-201.91276437850024,745.2206752224488,177,200,200,200
110.89437929185533,698.8343532213073,77,100,100,100
307.8559298942969,733.5639887546931,77,100,100,100
76.16474375846929,895.7959038237486,77,100,100,100
110.89437929185533,698.8343532213073,277,100,100,100
307.8559298942969,733.5639887546931,277,100,100,100
76.16474375846929,895.7959038237486,277,100,100,100
273.12629436091083,930.5255393571351,277,100,100,100
232.56831559364673,872.6027428231782,27,50,50,50
331.04909089486773,889.967560589871,27,50,50,50
215.20349782695394,971.0835181243988,27,50,50,50
232.56831559364673,872.6027428231782,127,50,50,50
331.04909089486773,889.967560589871,127,50,50,50
215.20349782695394,971.0835181243988,127,50,50,50
504.8174804967384,768.2936242880796,277,100,100,100
464.2595017294743,710.3708277541227,27,50,50,50
562.7402770306953,727.7356455208155,27,50,50,50
446.8946839627815,808.8516030553433,27,50,50,50
464.2595017294743,710.3708277541227,127,50,50,50
562.7402770306953,727.7356455208155,127,50,50,50
446.8946839627815,808.8516030553433,127,50,50,50
545.3754592640025,826.2164208220365,127,50,50,50
661.2210523319159,745.1004632875088,127,50,50,50
429.5298661960883,907.3323783565643,127,50,50,50
661.2210523319159,745.1004632875088,227,50,50,50
661.2210523319159,745.1004632875088,327,50,50,50
429.5298661960883,907.3323783565643,227,50,50,50
429.5298661960883,907.3323783565643,327,50,50,50
-155.52644237735853,1058.0278188928046,277,100,100,100
-294.56519644584296,982.7402045921544,27,50,50,50
-294.56519644584296,982.7402045921544,127,50,50,50
-196.0844211446224,1000.1050223588477,27,50,50,50
-97.60364584340141,1017.4698401255405,27,50,50,50
-196.0844211446224,1000.1050223588477,127,50,50,50
-97.60364584340141,1017.4698401255405,127,50,50,50
-393.04597174706396,965.3753868254616,227,50,50,50
-294.56519644584296,982.7402045921544,227,50,50,50
-393.04597174706396,965.3753868254616,327,50,50,50
-294.56519644584296,982.7402045921544,327,50,50,50
0.8771294578191373,1034.8346578922337,27,50,50,50
99.35790475904014,1052.1994756589265,27,50,50,50
0.8771294578191373,1034.8346578922337,127,50,50,50
99.35790475904014,1052.1994756589265,127,50,50,50
0.8771294578191373,1034.8346578922337,227,50,50,50
99.35790475904014,1052.1994756589265,227,50,50,50
0.8771294578191373,1034.8346578922337,327,50,50,50
99.35790475904014,1052.1994756589265,327,50,50,50
197.83868006026069,1069.5642934256198,327,50,50,50
-393.2863956169449,-760.8922465953713,427,50,50,50
-393.2863956169449,-760.8922465953713,527,50,50,50
-294.8056203157241,-743.5274288286782,427,50,50,50
-196.32484501450335,-726.1626110619852,427,50,50,50
-294.8056203157241,-743.5274288286782,527,50,50,50
-196.32484501450335,-726.1626110619852,527,50,50,50
-393.2863956169449,-760.8922465953713,627,50,50,50
-393.2863956169449,-760.8922465953713,727,50,50,50
-294.8056203157241,-743.5274288286782,627,50,50,50
-196.32484501450335,-726.1626110619852,627,50,50,50
-294.8056203157241,-743.5274288286782,727,50,50,50
-196.32484501450335,-726.1626110619852,727,50,50,50
-97.84406971328235,-708.7977932952922,427,50,50,50
0.6367055879384225,-691.4329755285992,427,50,50,50
-97.84406971328235,-708.7977932952922,527,50,50,50
0.6367055879384225,-691.4329755285992,527,50,50,50
99.1174808891592,-674.068157761906,427,50,50,50
99.1174808891592,-674.068157761906,527,50,50,50
-97.84406971328235,-708.7977932952922,627,50,50,50
0.6367055879384225,-691.4329755285992,627,50,50,50
-97.84406971328235,-708.7977932952922,727,50,50,50
0.6367055879384225,-691.4329755285992,727,50,50,50
99.1174808891592,-674.068157761906,627,50,50,50
-624.9775817527725,-598.6603315263158,527,50,50,50
-642.3423995194655,-500.17955622509487,427,50,50,50
-659.7072172861585,-401.6987809238741,427,50,50,50
-642.3423995194655,-500.17955622509487,527,50,50,50
-659.7072172861585,-401.6987809238741,527,50,50,50
-624.9775817527725,-598.6603315263158,627,50,50,50
-642.3423995194655,-500.17955622509487,627,50,50,50
-659.7072172861585,-401.6987809238741,627,50,50,50
-642.3423995194655,-500.17955622509487,727,50,50,50
-758.1879925873793,-419.0635986905671,727,50,50,50
-659.7072172861585,-401.6987809238741,727,50,50,50
-387.45805238306684,-506.0078994589728,577,200,200,200
6.465048821816254,-436.5486283922007,577,200,200,200
319.2721924921718,-482.9349503933423,477,100,100,100
284.5425569587858,-285.97339979090066,477,100,100,100
481.5041075612271,-251.2437642575146,477,100,100,100
319.2721924921718,-482.9349503933423,677,100,100,100
284.5425569587858,-285.97339979090066,677,100,100,100
481.5041075612271,-251.2437642575146,677,100,100,100
475.6757643273495,-506.1281113939132,427,50,50,50
458.31094656065625,-407.6473360926924,427,50,50,50
556.7917218618772,-390.2825183259994,427,50,50,50
475.6757643273495,-506.1281113939132,527,50,50,50
458.31094656065625,-407.6473360926924,527,50,50,50
556.7917218618772,-390.2825183259994,527,50,50,50
475.6757643273495,-506.1281113939132,627,50,50,50
458.31094656065625,-407.6473360926924,627,50,50,50
556.7917218618772,-390.2825183259994,627,50,50,50
458.31094656065625,-407.6473360926924,727,50,50,50
556.7917218618772,-390.2825183259994,727,50,50,50
678.4656581636686,-216.51412872412857,677,100,100,100
637.907679396405,-274.43692525808547,427,50,50,50
736.388454697626,-257.07210749139244,427,50,50,50
620.5428616297118,-175.9561499568647,427,50,50,50
719.0236369309328,-158.59133219017167,427,50,50,50
637.907679396405,-274.43692525808547,527,50,50,50
620.5428616297118,-175.9561499568647,527,50,50,50
719.0236369309328,-158.59133219017167,527,50,50,50
817.5044122321533,-141.22651442347865,427,50,50,50
817.5044122321533,-141.22651442347865,527,50,50,50
655.2724971630978,-372.91770055930624,627,50,50,50
655.2724971630978,-372.91770055930624,727,50,50,50
817.5044122321533,-141.22651442347865,627,50,50,50
817.5044122321533,-141.22651442347865,727,50,50,50
-1517.012690762697,-146.69422185253507,527,50,50,50
-1499.647872996004,-245.17499715375584,627,50,50,50
-1517.012690762697,-146.69422185253507,627,50,50,50
-1499.647872996004,-245.17499715375584,727,50,50,50
-1517.012690762697,-146.69422185253507,727,50,50,50
-1163.6475683250778,-135.1577473197201,477,100,100,100
-1128.9179327916918,-332.11929792216154,677,100,100,100
-1360.6091189275194,-169.88738285310615,677,100,100,100
-1163.6475683250778,-135.1577473197201,677,100,100,100
-1285.3215046268695,-308.9261369215908,527,50,50,50
-1186.8407293256487,-291.5613191548978,427,50,50,50
-1088.3599540244277,-274.19650138820475,427,50,50,50
-1070.9951362577349,-372.6772766894254,527,50,50,50
-1186.8407293256487,-291.5613191548978,527,50,50,50
-1088.3599540244277,-274.19650138820475,527,50,50,50
-1302.6863223935625,-210.4453616203698,427,50,50,50
-1418.5319154614763,-129.32940408584204,427,50,50,50
-1320.0511401602555,-111.96458631914902,427,50,50,50
-1401.1670976947833,-227.81017938706282,527,50,50,50
-1302.6863223935625,-210.4453616203698,527,50,50,50
-1418.5319154614763,-129.32940408584204,527,50,50,50
-1320.0511401602555,-111.96458631914902,527,50,50,50
-1383.8022799280902,-326.2909546882838,627,50,50,50
-1285.3215046268695,-308.9261369215908,627,50,50,50
-1383.8022799280902,-326.2909546882838,727,50,50,50
-1285.3215046268695,-308.9261369215908,727,50,50,50
-734.9948315868086,-262.66002685538933,477,100,100,100
-966.6860177226362,-100.42811178633406,477,100,100,100
-769.7244671201946,-65.69847625294778,477,100,100,100
-931.9563821892501,-297.3896623887756,677,100,100,100
-734.9948315868086,-262.66002685538933,677,100,100,100
-966.6860177226362,-100.42811178633406,677,100,100,100
-769.7244671201946,-65.69847625294778,677,100,100,100
-874.0335856552932,-337.94764115603937,427,50,50,50
-989.879178723207,-256.83168362151173,427,50,50,50
-891.3984034219862,-239.46686585481848,427,50,50,50
-972.514360956514,-355.3124589227324,527,50,50,50
-874.0335856552932,-337.94764115603937,527,50,50,50
-989.879178723207,-256.83168362151173,527,50,50,50
-891.3984034219862,-239.46686585481848,527,50,50,50
-456.91732344983893,-112.08479825408949,577,200,200,200
-62.994222244955836,-42.6255271873174,577,200,200,200
330.92887895992726,26.833743879454687,577,200,200,200
643.7360226302826,-19.55257812168702,477,100,100,100
609.0063870968966,177.40897248075453,477,100,100,100
805.9679376993381,212.13860801414057,477,100,100,100
643.7360226302826,-19.55257812168702,677,100,100,100
609.0063870968966,177.40897248075453,677,100,100,100
805.9679376993381,212.13860801414057,677,100,100,100
800.1395944654605,-42.74573912225787,427,50,50,50
782.7747766987673,55.7350361789629,427,50,50,50
881.2555519999883,73.09985394565592,427,50,50,50
800.1395944654605,-42.74573912225787,527,50,50,50
782.7747766987673,55.7350361789629,527,50,50,50
881.2555519999883,73.09985394565592,527,50,50,50
800.1395944654605,-42.74573912225787,627,50,50,50
782.7747766987673,55.7350361789629,627,50,50,50
881.2555519999883,73.09985394565592,627,50,50,50
800.1395944654605,-42.74573912225787,727,50,50,50
782.7747766987673,55.7350361789629,727,50,50,50
881.2555519999883,73.09985394565592,727,50,50,50
962.371509534516,188.94544701356995,427,50,50,50
1060.852284835737,206.31026478026297,427,50,50,50
945.0066917678232,287.4262223147907,427,50,50,50
1043.4874670690438,304.79104008148374,427,50,50,50
1159.333060136958,223.675082546956,427,50,50,50
1141.9682423702648,322.15585784817677,427,50,50,50
-1592.300305063347,-7.6554677840504155,677,100,100,100
-1627.029940596733,189.30608281839113,677,100,100,100
-1551.742326296083,50.26732874990648,427,50,50,50
-1534.37750852939,-48.21344655131429,527,50,50,50
-1551.742326296083,50.26732874990648,527,50,50,50
-1569.1071440627761,148.74810405112726,427,50,50,50
-1586.4719618294691,247.22887935234803,427,50,50,50
-1667.587919363997,131.38328628443423,527,50,50,50
-1569.1071440627761,148.74810405112726,527,50,50,50
-1586.4719618294691,247.22887935234803,527,50,50,50
-1314.2227969263777,142.91976081724943,577,200,200,200
-920.2996957214945,212.37903188402151,577,200,200,200
-526.3765945166112,281.83830295079383,577,200,200,200
-132.45349331172815,351.2975740175659,577,200,200,200
261.46960789315494,420.756845084338,577,200,200,200
655.3927090980387,490.2161161511101,577,200,200,200
927.64187400113,385.9069976160115,427,50,50,50
1026.1226493023505,403.2718153827045,427,50,50,50
-1603.8367795961622,345.70965465356903,527,50,50,50
-1621.2015973628552,444.1904299547898,527,50,50,50
-1702.3175548973832,328.344836886876,627,50,50,50
-1603.8367795961622,345.70965465356903,627,50,50,50
-1621.2015973628552,444.1904299547898,627,50,50,50
-1702.3175548973832,328.344836886876,727,50,50,50
-1603.8367795961622,345.70965465356903,727,50,50,50
-1719.682372664076,426.8256121880968,727,50,50,50
-1621.2015973628552,444.1904299547898,727,50,50,50
-1638.5664151295482,542.6712052560106,627,50,50,50
-1638.5664151295482,542.6712052560106,727,50,50,50
-1464.7980255276775,420.9972689542187,477,100,100,100
-1267.836474925236,455.72690448760477,477,100,100,100
-1302.566110458622,652.6884550900463,477,100,100,100
-1464.7980255276775,420.9972689542187,677,100,100,100
-1267.836474925236,455.72690448760477,677,100,100,100
-1499.5276610610636,617.9588195566603,677,100,100,100
-1302.566110458622,652.6884550900463,677,100,100,100
-1441.6048645271067,577.4008407893966,427,50,50,50
-1540.0856398283277,560.0360230227036,527,50,50,50
-1441.6048645271067,577.4008407893966,527,50,50,50
-1458.9696822938,675.8816160906174,527,50,50,50
-989.7589667882667,606.3021330889046,577,200,200,200
-676.9518231179111,559.9158110877631,477,100,100,100
-479.99027251546954,594.6454466211492,477,100,100,100
-711.6814586512971,756.8773616902045,477,100,100,100
-676.9518231179111,559.9158110877631,677,100,100,100
-479.99027251546954,594.6454466211492,677,100,100,100
-711.6814586512971,756.8773616902045,677,100,100,100
-514.7199080488556,791.6069972235905,677,100,100,100
-555.2778868161195,733.684200689634,427,50,50,50
-456.7971115148989,751.0490184563268,427,50,50,50
-474.1619292815917,849.5297937575478,427,50,50,50
-555.2778868161195,733.684200689634,527,50,50,50
-456.7971115148989,751.0490184563268,527,50,50,50
-572.6427045828127,832.1649759908546,527,50,50,50
-474.1619292815917,849.5297937575478,527,50,50,50
-201.91276437850024,745.2206752224488,577,200,200,200
192.01033682638285,814.6799462892213,577,200,200,200
504.8174804967384,768.2936242880796,477,100,100,100
504.8174804967384,768.2936242880796,677,100,100,100
661.2210523319159,745.1004632875088,427,50,50,50
661.2210523319159,745.1004632875088,527,50,50,50
429.5298661960883,907.3323783565643,427,50,50,50
429.5298661960883,907.3323783565643,527,50,50,50
412.1650484293955,1005.8131536577848,527,50,50,50
661.2210523319159,745.1004632875088,627,50,50,50
643.8562345652231,843.5812385887293,627,50,50,50
661.2210523319159,745.1004632875088,727,50,50,50
643.8562345652231,843.5812385887293,727,50,50,50
429.5298661960883,907.3323783565643,627,50,50,50
528.0106414973093,924.6971961232571,627,50,50,50
412.1650484293955,1005.8131536577848,627,50,50,50
429.5298661960883,907.3323783565643,727,50,50,50
528.0106414973093,924.6971961232571,727,50,50,50
-1279.3729494580512,809.0920269252242,527,50,50,50
-1476.3345000604927,774.3623913918382,727,50,50,50
-1377.853724759272,791.727209158531,627,50,50,50
-1279.3729494580512,809.0920269252242,627,50,50,50
-1377.853724759272,791.727209158531,727,50,50,50
-1279.3729494580512,809.0920269252242,727,50,50,50
-1180.8921741568304,826.456844691917,527,50,50,50
-1082.4113988556096,843.8216624586103,527,50,50,50
-983.9306235543887,861.1864802253031,527,50,50,50
-1180.8921741568304,826.456844691917,627,50,50,50
-1082.4113988556096,843.8216624586103,627,50,50,50
-1180.8921741568304,826.456844691917,727,50,50,50
-1082.4113988556096,843.8216624586103,727,50,50,50
-983.9306235543887,861.1864802253031,627,50,50,50
-983.9306235543887,861.1864802253031,727,50,50,50
-491.52674704828496,948.0105690587684,527,50,50,50
-491.52674704828496,948.0105690587684,627,50,50,50
-508.89156481497776,1046.4913443599894,627,50,50,50
-491.52674704828496,948.0105690587684,727,50,50,50
-155.52644237735853,1058.0278188928046,477,100,100,100
-352.4879929798001,1023.2981833594185,677,100,100,100
-155.52644237735853,1058.0278188928046,677,100,100,100
-393.04597174706396,965.3753868254616,427,50,50,50
-294.56519644584296,982.7402045921544,427,50,50,50
-311.9300142125362,1081.2209798933754,427,50,50,50
-393.04597174706396,965.3753868254616,527,50,50,50
-294.56519644584296,982.7402045921544,527,50,50,50
-410.41078951375675,1063.8561621266826,527,50,50,50
-311.9300142125362,1081.2209798933754,527,50,50,50
0.8771294578191373,1034.8346578922337,427,50,50,50
99.35790475904014,1052.1994756589265,427,50,50,50
-16.487688308873658,1133.3154331934547,427,50,50,50
0.8771294578191373,1034.8346578922337,527,50,50,50
99.35790475904014,1052.1994756589265,527,50,50,50
-16.487688308873658,1133.3154331934547,527,50,50,50
197.83868006026069,1069.5642934256198,427,50,50,50
197.83868006026069,1069.5642934256198,527,50,50,50
0.8771294578191373,1034.8346578922337,627,50,50,50
99.35790475904014,1052.1994756589265,627,50,50,50
-16.487688308873658,1133.3154331934547,627,50,50,50
0.8771294578191373,1034.8346578922337,727,50,50,50
99.35790475904014,1052.1994756589265,727,50,50,50
-16.487688308873658,1133.3154331934547,727,50,50,50
197.83868006026069,1069.5642934256198,627,50,50,50
197.83868006026069,1069.5642934256198,727,50,50,50
-97.84406971328235,-708.7977932952922,827,50,50,50
-856.6687678886002,-436.42841645726014,827,50,50,50
-856.6687678886002,-436.42841645726014,927,50,50,50
-758.1879925873793,-419.0635986905671,827,50,50,50
-659.7072172861585,-401.6987809238741,827,50,50,50
-758.1879925873793,-419.0635986905671,927,50,50,50
-659.7072172861585,-401.6987809238741,927,50,50,50
-758.1879925873793,-419.0635986905671,1027,50,50,50
-659.7072172861585,-401.6987809238741,1027,50,50,50
-659.7072172861585,-401.6987809238741,1127,50,50,50
-503.30364545098064,-424.89194192444495,877,100,100,100
-306.3420948485391,-390.1623063910588,877,100,100,100
-410.6512133836379,-662.4114712941505,827,50,50,50
-526.4968064515517,-581.2955137596227,827,50,50,50
-428.01603115033095,-563.9306959929297,827,50,50,50
-312.17043808241715,-645.0466535274575,827,50,50,50
-213.68966278119638,-627.6818357607644,827,50,50,50
-329.5352558491102,-546.5658782262367,827,50,50,50
-231.0544805478894,-529.2010604595437,827,50,50,50
-213.68966278119638,-627.6818357607644,927,50,50,50
-329.5352558491102,-546.5658782262367,927,50,50,50
-231.0544805478894,-529.2010604595437,927,50,50,50
-445.38084891702397,-465.4499206917088,1027,50,50,50
-561.2264419849378,-384.3339631571811,1027,50,50,50
-462.745666683717,-366.96914539048805,1027,50,50,50
-561.2264419849378,-384.3339631571811,1127,50,50,50
-462.745666683717,-366.96914539048805,1127,50,50,50
-346.9000736158032,-448.0851029250158,1027,50,50,50
-248.41929831458242,-430.72028515832267,1027,50,50,50
-364.2648913824962,-349.60432762379503,1027,50,50,50
-265.78411608127544,-332.2395098571019,1027,50,50,50
-248.41929831458242,-430.72028515832267,1127,50,50,50
-364.2648913824962,-349.60432762379503,1127,50,50,50
-265.78411608127544,-332.2395098571019,1127,50,50,50
-74.6509087127115,-552.3942214601145,877,100,100,100
-109.38054424609754,-355.43267085767275,877,100,100,100
87.581006356344,-320.7030353242867,877,100,100,100
-109.38054424609754,-355.43267085767275,1077,100,100,100
87.581006356344,-320.7030353242867,1077,100,100,100
81.75266312246617,-575.5873824606853,827,50,50,50
180.23343842368695,-558.2225646939922,827,50,50,50
64.38784535577315,-477.1066071594645,827,50,50,50
162.86862065699393,-459.74178939277147,827,50,50,50
81.75266312246617,-575.5873824606853,927,50,50,50
64.38784535577315,-477.1066071594645,927,50,50,50
162.86862065699393,-459.74178939277147,927,50,50,50
284.5425569587858,-285.97339979090066,877,100,100,100
481.5041075612271,-251.2437642575146,877,100,100,100
284.5425569587858,-285.97339979090066,1077,100,100,100
481.5041075612271,-251.2437642575146,1077,100,100,100
278.7142137249077,-540.8577469272992,827,50,50,50
261.3493959582147,-442.37697162607844,827,50,50,50
359.8301712594357,-425.0121538593854,827,50,50,50
261.3493959582147,-442.37697162607844,927,50,50,50
359.8301712594357,-425.0121538593854,927,50,50,50
458.31094656065625,-407.6473360926924,827,50,50,50
556.7917218618772,-390.2825183259994,827,50,50,50
458.31094656065625,-407.6473360926924,927,50,50,50
261.3493959582147,-442.37697162607844,1027,50,50,50
359.8301712594357,-425.0121538593854,1027,50,50,50
637.907679396405,-274.43692525808547,827,50,50,50
736.388454697626,-257.07210749139244,827,50,50,50
620.5428616297118,-175.9561499568647,827,50,50,50
719.0236369309328,-158.59133219017167,827,50,50,50
637.907679396405,-274.43692525808547,927,50,50,50
620.5428616297118,-175.9561499568647,927,50,50,50
719.0236369309328,-158.59133219017167,927,50,50,50
817.5044122321533,-141.22651442347865,827,50,50,50
637.907679396405,-274.43692525808547,1027,50,50,50
620.5428616297118,-175.9561499568647,1027,50,50,50
719.0236369309328,-158.59133219017167,1027,50,50,50
620.5428616297118,-175.9561499568647,1127,50,50,50
-1499.647872996004,-245.17499715375584,827,50,50,50
-1615.4934660639178,-164.0590396192281,827,50,50,50
-1517.012690762697,-146.69422185253507,827,50,50,50
-1499.647872996004,-245.17499715375584,927,50,50,50
-1517.012690762697,-146.69422185253507,927,50,50,50
-1517.012690762697,-146.69422185253507,1027,50,50,50
-1517.012690762697,-146.69422185253507,1127,50,50,50
-1128.9179327916918,-332.11929792216154,877,100,100,100
-1360.6091189275194,-169.88738285310615,877,100,100,100
-1163.6475683250778,-135.1577473197201,877,100,100,100
-1360.6091189275194,-169.88738285310615,1077,100,100,100
-1163.6475683250778,-135.1577473197201,1077,100,100,100
-1383.8022799280902,-326.2909546882838,827,50,50,50
-1285.3215046268695,-308.9261369215908,827,50,50,50
-1285.3215046268695,-308.9261369215908,927,50,50,50
-1285.3215046268695,-308.9261369215908,1027,50,50,50
-1070.9951362577349,-372.6772766894254,1027,50,50,50
-1186.8407293256487,-291.5613191548978,1027,50,50,50
-1088.3599540244277,-274.19650138820475,1027,50,50,50
-1070.9951362577349,-372.6772766894254,1127,50,50,50
-1186.8407293256487,-291.5613191548978,1127,50,50,50
-1088.3599540244277,-274.19650138820475,1127,50,50,50
-850.8404246547224,-181.54406932086158,977,200,200,200
-456.91732344983893,-112.08479825408949,977,200,200,200
-62.994222244955836,-42.6255271873174,977,200,200,200
330.92887895992726,26.833743879454687,977,200,200,200
643.7360226302826,-19.55257812168702,877,100,100,100
609.0063870968966,177.40897248075453,877,100,100,100
805.9679376993381,212.13860801414057,877,100,100,100
643.7360226302826,-19.55257812168702,1077,100,100,100
609.0063870968966,177.40897248075453,1077,100,100,100
800.1395944654605,-42.74573912225787,827,50,50,50
782.7747766987673,55.7350361789629,827,50,50,50
881.2555519999883,73.09985394565592,827,50,50,50
800.1395944654605,-42.74573912225787,927,50,50,50
782.7747766987673,55.7350361789629,927,50,50,50
881.2555519999883,73.09985394565592,927,50,50,50
800.1395944654605,-42.74573912225787,1027,50,50,50
782.7747766987673,55.7350361789629,1027,50,50,50
782.7747766987673,55.7350361789629,1127,50,50,50
765.409958932074,154.2158114801839,1027,50,50,50
748.0451411653812,252.69658678140468,1027,50,50,50
846.5259164666022,270.0614045480977,1027,50,50,50
765.409958932074,154.2158114801839,1127,50,50,50
748.0451411653812,252.69658678140468,1127,50,50,50
-1592.300305063347,-7.6554677840504155,877,100,100,100
-1627.029940596733,189.30608281839113,877,100,100,100
-1627.029940596733,189.30608281839113,1077,100,100,100
-1783.433512431911,212.499243818962,827,50,50,50
-1783.433512431911,212.499243818962,927,50,50,50
-1632.8582838306108,-65.57826431800731,1027,50,50,50
-1534.37750852939,-48.21344655131429,1027,50,50,50
-1650.2231015973039,32.90251098321346,1027,50,50,50
-1551.742326296083,50.26732874990648,1027,50,50,50
-1534.37750852939,-48.21344655131429,1127,50,50,50
-1650.2231015973039,32.90251098321346,1127,50,50,50
-1551.742326296083,50.26732874990648,1127,50,50,50
-1314.2227969263777,142.91976081724943,977,200,200,200
-920.2996957214945,212.37903188402151,977,200,200,200
-526.3765945166112,281.83830295079383,977,200,200,200
-132.45349331172815,351.2975740175659,977,200,200,200
261.46960789315494,420.756845084338,977,200,200,200
574.2767515635105,374.3705230831963,877,100,100,100
771.2383021659521,409.10015861658235,877,100,100,100
539.5471160301245,571.3320736856379,877,100,100,100
574.2767515635105,374.3705230831963,1077,100,100,100
539.5471160301245,571.3320736856379,1077,100,100,100
695.9506878653019,548.138912685067,827,50,50,50
794.4314631665229,565.50373045176,827,50,50,50
678.5858700986091,646.6196879862878,827,50,50,50
777.0666453998301,663.9845057529808,827,50,50,50
695.9506878653019,548.138912685067,927,50,50,50
794.4314631665229,565.50373045176,927,50,50,50
678.5858700986091,646.6196879862878,927,50,50,50
730.680323398688,351.17736208262545,1027,50,50,50
829.161098699909,368.5421798493185,1027,50,50,50
713.3155056319952,449.6581373838462,1027,50,50,50
811.7962809332162,467.02295515053925,1027,50,50,50
730.680323398688,351.17736208262545,1127,50,50,50
713.3155056319952,449.6581373838462,1127,50,50,50
695.9506878653019,548.138912685067,1027,50,50,50
678.5858700986091,646.6196879862878,1027,50,50,50
695.9506878653019,548.138912685067,1127,50,50,50
-1661.759576130119,386.2676334208327,877,100,100,100
-1638.5664151295482,542.6712052560106,827,50,50,50
-1638.5664151295482,542.6712052560106,927,50,50,50
-1702.3175548973832,328.344836886876,1027,50,50,50
-1603.8367795961622,345.70965465356903,1027,50,50,50
-1719.682372664076,426.8256121880968,1027,50,50,50
-1621.2015973628552,444.1904299547898,1027,50,50,50
-1702.3175548973832,328.344836886876,1127,50,50,50
-1603.8367795961622,345.70965465356903,1127,50,50,50
-1621.2015973628552,444.1904299547898,1127,50,50,50
-1638.5664151295482,542.6712052560106,1027,50,50,50
-1638.5664151295482,542.6712052560106,1127,50,50,50
-1383.6820679931498,536.8428620221325,977,200,200,200
-989.7589667882667,606.3021330889046,977,200,200,200
-676.9518231179111,559.9158110877631,877,100,100,100
-479.99027251546954,594.6454466211492,877,100,100,100
-711.6814586512971,756.8773616902045,877,100,100,100
-514.7199080488556,791.6069972235905,877,100,100,100
-676.9518231179111,559.9158110877631,1077,100,100,100
-479.99027251546954,594.6454466211492,1077,100,100,100
-752.2394374185611,698.9545651562478,1027,50,50,50
-653.7586621173404,716.3193829229408,1027,50,50,50
-769.6042551852541,797.4353404574686,1027,50,50,50
-671.1234798840334,814.8001582241618,1027,50,50,50
-752.2394374185611,698.9545651562478,1127,50,50,50
-653.7586621173404,716.3193829229408,1127,50,50,50
-555.2778868161195,733.684200689634,1027,50,50,50
-456.7971115148989,751.0490184563268,1027,50,50,50
-572.6427045828127,832.1649759908546,1027,50,50,50
-474.1619292815917,849.5297937575478,1027,50,50,50
-555.2778868161195,733.684200689634,1127,50,50,50
-456.7971115148989,751.0490184563268,1127,50,50,50
-283.028721913028,629.3750821545352,877,100,100,100
-86.06717131058645,664.1047176879213,877,100,100,100
-317.75835744641404,826.3366327569765,877,100,100,100
-120.79680684397249,861.066268290363,877,100,100,100
-283.028721913028,629.3750821545352,1077,100,100,100
-86.06717131058645,664.1047176879213,1077,100,100,100
-358.3163362136779,768.4138362230201,1027,50,50,50
-259.8355609124569,785.7786539897129,1027,50,50,50
-375.6811539803707,866.8946115242406,1027,50,50,50
-358.3163362136779,768.4138362230201,1127,50,50,50
-259.8355609124569,785.7786539897129,1127,50,50,50
-161.35478561123637,803.1434717564061,1027,50,50,50
-62.874010310015365,820.5082895230989,1027,50,50,50
-161.35478561123637,803.1434717564061,1127,50,50,50
-62.874010310015365,820.5082895230989,1127,50,50,50
110.89437929185533,698.8343532213073,877,100,100,100
307.8559298942969,733.5639887546931,877,100,100,100
76.16474375846929,895.7959038237486,877,100,100,100
110.89437929185533,698.8343532213073,1077,100,100,100
307.8559298942969,733.5639887546931,1077,100,100,100
232.56831559364673,872.6027428231782,827,50,50,50
331.04909089486773,889.967560589871,827,50,50,50
215.20349782695394,971.0835181243988,827,50,50,50
313.68427312817494,988.448335891092,827,50,50,50
232.56831559364673,872.6027428231782,927,50,50,50
331.04909089486773,889.967560589871,927,50,50,50
215.20349782695394,971.0835181243988,927,50,50,50
35.60676499120518,837.8731072897922,1027,50,50,50
134.08754029242618,855.237925056485,1027,50,50,50
35.60676499120518,837.8731072897922,1127,50,50,50
232.56831559364673,872.6027428231782,1027,50,50,50
331.04909089486773,889.967560589871,1027,50,50,50
504.8174804967384,768.2936242880796,877,100,100,100
661.2210523319159,745.1004632875088,827,50,50,50
661.2210523319159,745.1004632875088,927,50,50,50
429.5298661960883,907.3323783565643,827,50,50,50
429.5298661960883,907.3323783565643,927,50,50,50
464.2595017294743,710.3708277541227,1027,50,50,50
562.7402770306953,727.7356455208155,1027,50,50,50
446.8946839627815,808.8516030553433,1027,50,50,50
464.2595017294743,710.3708277541227,1127,50,50,50
562.7402770306953,727.7356455208155,1127,50,50,50
-1476.3345000604927,774.3623913918382,827,50,50,50
-1476.3345000604927,774.3623913918382,927,50,50,50
-1377.853724759272,791.727209158531,827,50,50,50
-1279.3729494580512,809.0920269252242,827,50,50,50
-1377.853724759272,791.727209158531,927,50,50,50
-1279.3729494580512,809.0920269252242,927,50,50,50
-1377.853724759272,791.727209158531,1027,50,50,50
-1279.3729494580512,809.0920269252242,1027,50,50,50
-1180.8921741568304,826.456844691917,827,50,50,50
-1082.4113988556096,843.8216624586103,827,50,50,50
-1180.8921741568304,826.456844691917,927,50,50,50
-1082.4113988556096,843.8216624586103,927,50,50,50
-983.9306235543887,861.1864802253031,827,50,50,50
-983.9306235543887,861.1864802253031,927,50,50,50
-1180.8921741568304,826.456844691917,1027,50,50,50
-1082.4113988556096,843.8216624586103,1027,50,50,50
-491.52674704828496,948.0105690587684,827,50,50,50
-393.04597174706396,965.3753868254616,827,50,50,50
-294.56519644584296,982.7402045921544,827,50,50,50
-410.41078951375675,1063.8561621266826,827,50,50,50
-311.9300142125362,1081.2209798933754,827,50,50,50
-294.56519644584296,982.7402045921544,927,50,50,50
-196.0844211446224,1000.1050223588477,827,50,50,50
-97.60364584340141,1017.4698401255405,827,50,50,50
-213.4492389113152,1098.5857976600687,827,50,50,50
-114.96846361009466,1115.9506154267615,827,50,50,50
-196.0844211446224,1000.1050223588477,927,50,50,50
-97.60364584340141,1017.4698401255405,927,50,50,50
0.8771294578191373,1034.8346578922337,827,50,50,50
99.35790475904014,1052.1994756589265,827,50,50,50
0.8771294578191373,1034.8346578922337,927,50,50,50
197.83868006026069,1069.5642934256198,827,50,50,50
-462.745666683717,-366.96914539048805,1227,50,50,50
-364.2648913824962,-349.60432762379503,1227,50,50,50
-265.78411608127544,-332.2395098571019,1227,50,50,50
-149.93852301336142,-413.35546739162965,1227,50,50,50
-51.457747712140645,-395.9906496249366,1227,50,50,50
-167.30334078005444,-314.87469209040887,1227,50,50,50
-68.82256547883367,-297.50987432371585,1227,50,50,50
-167.30334078005444,-314.87469209040887,1327,50,50,50
-68.82256547883367,-297.50987432371585,1327,50,50,50
47.02302758908013,-378.6258318582436,1227,50,50,50
145.5038028903009,-361.2610140915506,1227,50,50,50
29.658209822387107,-280.1450565570228,1227,50,50,50
128.13898512360788,-262.7802387903298,1227,50,50,50
29.658209822387107,-280.1450565570228,1327,50,50,50
128.13898512360788,-262.7802387903298,1327,50,50,50
128.13898512360788,-262.7802387903298,1427,50,50,50
243.98457819152168,-343.89619632485756,1227,50,50,50
342.4653534927427,-326.53137855816453,1227,50,50,50
226.61976042482866,-245.41542102363678,1227,50,50,50
325.10053572604966,-228.05060325694376,1227,50,50,50
226.61976042482866,-245.41542102363678,1327,50,50,50
325.10053572604966,-228.05060325694376,1327,50,50,50
423.5813110272702,-210.68578549025074,1227,50,50,50
522.0620863284912,-193.32096772355771,1227,50,50,50
423.5813110272702,-210.68578549025074,1327,50,50,50
226.61976042482866,-245.41542102363678,1427,50,50,50
-1517.012690762697,-146.69422185253507,1427,50,50,50
-1517.012690762697,-146.69422185253507,1527,50,50,50
-1163.6475683250778,-135.1577473197201,1277,100,100,100
-1186.8407293256487,-291.5613191548978,1227,50,50,50
-1088.3599540244277,-274.19650138820475,1227,50,50,50
-1088.3599540244277,-274.19650138820475,1327,50,50,50
-1302.6863223935625,-210.4453616203698,1227,50,50,50
-1418.5319154614763,-129.32940408584204,1227,50,50,50
-1320.0511401602555,-111.96458631914902,1227,50,50,50
-1418.5319154614763,-129.32940408584204,1327,50,50,50
-1320.0511401602555,-111.96458631914902,1327,50,50,50
-1418.5319154614763,-129.32940408584204,1427,50,50,50
-1320.0511401602555,-111.96458631914902,1427,50,50,50
-1418.5319154614763,-129.32940408584204,1527,50,50,50
-1320.0511401602555,-111.96458631914902,1527,50,50,50
-1105.724771791121,-175.71572608698375,1427,50,50,50
-1221.5703648590347,-94.599768552456,1427,50,50,50
-1123.0895895578137,-77.23495078576298,1427,50,50,50
-1221.5703648590347,-94.599768552456,1527,50,50,50
-1123.0895895578137,-77.23495078576298,1527,50,50,50
-966.6860177226362,-100.42811178633406,1277,100,100,100
-769.7244671201946,-65.69847625294778,1277,100,100,100
-972.514360956514,-355.3124589227324,1227,50,50,50
-874.0335856552932,-337.94764115603937,1227,50,50,50
-989.879178723207,-256.83168362151173,1227,50,50,50
-891.3984034219862,-239.46686585481848,1227,50,50,50
-989.879178723207,-256.83168362151173,1327,50,50,50
-891.3984034219862,-239.46686585481848,1327,50,50,50
-775.5528103540723,-320.58282338934634,1227,50,50,50
-677.0720350528516,-303.21800562265344,1227,50,50,50
-792.9176281207654,-222.10204808812568,1227,50,50,50
-694.4368528195446,-204.73723032143243,1227,50,50,50
-792.9176281207654,-222.10204808812568,1327,50,50,50
-694.4368528195446,-204.73723032143243,1327,50,50,50
-891.3984034219862,-239.46686585481848,1427,50,50,50
-792.9176281207654,-222.10204808812568,1427,50,50,50
-1007.2439964899,-158.35090832029073,1427,50,50,50
-908.7632211886793,-140.9860905535977,1427,50,50,50
-1024.6088142565932,-59.870133019069954,1427,50,50,50
-926.1280389553723,-42.50531525237693,1427,50,50,50
-1024.6088142565932,-59.870133019069954,1527,50,50,50
-926.1280389553723,-42.50531525237693,1527,50,50,50
-810.2824458874584,-123.62127278690468,1427,50,50,50
-711.8016705862376,-106.25645502021166,1427,50,50,50
-827.6472636541514,-25.14049748568391,1427,50,50,50
-729.1664883529306,-7.775679718990887,1427,50,50,50
-827.6472636541514,-25.14049748568391,1527,50,50,50
-729.1664883529306,-7.775679718990887,1527,50,50,50
-538.0332809843667,-227.9303913220033,1277,100,100,100
-341.07173038192514,-193.20075578861724,1277,100,100,100
-572.7629165177527,-30.96884071956174,1277,100,100,100
-375.8013659153112,3.7607948138243046,1277,100,100,100
-398.99452691588226,-152.64277702135337,1427,50,50,50
-300.5137516146615,-135.27795925466035,1427,50,50,50
-613.3208952850168,-88.89163725351864,1427,50,50,50
-514.8401199837961,-71.52681948682562,1427,50,50,50
-630.6857130517099,9.589138047702136,1427,50,50,50
-532.2049377504891,26.953955814395158,1427,50,50,50
-416.3593446825753,-54.162001720132594,1427,50,50,50
-317.8785693813545,-36.79718395343957,1427,50,50,50
-433.7241624492683,44.31877358108818,1427,50,50,50
-335.24338714804753,61.6835913477812,1427,50,50,50
-335.24338714804753,61.6835913477812,1527,50,50,50
-144.1101797794836,-158.4711202552312,1277,100,100,100
52.85137082295796,-123.74148472184515,1277,100,100,100
-178.83981531286963,38.49043034721035,1277,100,100,100
18.121735289571916,73.2200658805964,1277,100,100,100
-178.83981531286963,38.49043034721035,1477,100,100,100
18.121735289571916,73.2200658805964,1477,100,100,100
-184.66815854674746,-216.3939167891881,1427,50,50,50
-86.18738324552669,-199.02909902249507,1427,50,50,50
-202.03297631344049,-117.91314148796732,1427,50,50,50
-103.55220101221971,-100.5483237212743,1427,50,50,50
-103.55220101221971,-100.5483237212743,1527,50,50,50
12.293392055694085,-181.66428125580205,1427,50,50,50
110.77416735691486,-164.29946348910903,1427,50,50,50
-5.071425710998938,-83.18350595458128,1427,50,50,50
93.40934959022184,-65.81868818788826,1427,50,50,50
-5.071425710998938,-83.18350595458128,1527,50,50,50
93.40934959022184,-65.81868818788826,1527,50,50,50
249.81292142539974,-89.01184918845911,1277,100,100,100
446.77447202784106,-54.282213655073065,1277,100,100,100
215.08328589201346,107.94970141398244,1277,100,100,100
412.044836494455,142.67933694736848,1277,100,100,100
215.08328589201346,107.94970141398244,1477,100,100,100
209.25494265813563,-146.934645722416,1427,50,50,50
307.73571795935663,-129.56982795572299,1427,50,50,50
191.8901248914426,-48.453870421195234,1427,50,50,50
290.3709001926636,-31.08905265450221,1427,50,50,50
191.8901248914426,-48.453870421195234,1527,50,50,50
290.3709001926636,-31.08905265450221,1527,50,50,50
406.2164932605774,-112.20501018902996,1427,50,50,50
388.85167549388416,-13.724234887809189,1427,50,50,50
487.33245079510516,3.6405828788838335,1427,50,50,50
371.48685772719114,84.75654041341159,1427,50,50,50
469.9676330284119,102.12135818010483,1427,50,50,50
354.1220399604981,183.2373157146326,1427,50,50,50
452.6028152617191,200.60213348132538,1427,50,50,50
371.48685772719114,84.75654041341159,1527,50,50,50
354.1220399604981,183.2373157146326,1527,50,50,50
603.178043863019,-77.47537465564392,1227,50,50,50
585.8132260963257,21.005400645576856,1227,50,50,50
684.2940013975467,38.37021841226988,1227,50,50,50
585.8132260963257,21.005400645576856,1327,50,50,50
568.4484083296329,119.48617594679786,1227,50,50,50
666.9291836308539,136.85099371349088,1227,50,50,50
551.0835905629397,217.96695124801863,1227,50,50,50
649.5643658641607,235.33176901471165,1227,50,50,50
568.4484083296329,119.48617594679786,1327,50,50,50
551.0835905629397,217.96695124801863,1327,50,50,50
649.5643658641607,235.33176901471165,1327,50,50,50
551.0835905629397,217.96695124801863,1427,50,50,50
-1627.029940596733,189.30608281839113,1277,100,100,100
-1592.300305063347,-7.6554677840504155,1477,100,100,100
-1627.029940596733,189.30608281839113,1477,100,100,100
-1534.37750852939,-48.21344655131429,1227,50,50,50
-1650.2231015973039,32.90251098321346,1227,50,50,50
-1551.742326296083,50.26732874990648,1227,50,50,50
-1534.37750852939,-48.21344655131429,1327,50,50,50
-1650.2231015973039,32.90251098321346,1327,50,50,50
-1551.742326296083,50.26732874990648,1327,50,50,50
-1766.0686946652177,114.01846851774121,1327,50,50,50
-1783.433512431911,212.499243818962,1327,50,50,50
-1748.7038768985249,15.537693216520438,1427,50,50,50
-1748.7038768985249,15.537693216520438,1527,50,50,50
-1766.0686946652177,114.01846851774121,1427,50,50,50
-1783.433512431911,212.499243818962,1427,50,50,50
-1766.0686946652177,114.01846851774121,1527,50,50,50
-1783.433512431911,212.499243818962,1527,50,50,50
-1314.2227969263777,142.91976081724943,1377,200,200,200
-920.2996957214945,212.37903188402151,1377,200,200,200
-607.492552051139,165.99270988288004,1277,100,100,100
-410.53100144869745,200.72234541626608,1277,100,100,100
-642.222187584525,362.9542604853216,1277,100,100,100
-445.2606369820835,397.6838960187076,1277,100,100,100
-410.53100144869745,200.72234541626608,1477,100,100,100
-648.0505308184029,108.06991334892291,1427,50,50,50
-549.5697555171821,125.43473111561593,1427,50,50,50
-665.4153485850959,206.55068865014368,1427,50,50,50
-566.9345732838751,223.9155064168367,1427,50,50,50
-665.4153485850959,206.55068865014368,1527,50,50,50
-682.7801663517889,305.03146395136446,1427,50,50,50
-584.2993910505681,322.3962817180575,1427,50,50,50
-700.144984118482,403.51223925258523,1427,50,50,50
-601.6642088172612,420.87705701927825,1427,50,50,50
-682.7801663517889,305.03146395136446,1527,50,50,50
-485.8186157493474,339.7610994847505,1427,50,50,50
-387.3378404481266,357.1259172514435,1427,50,50,50
-503.1834335160404,438.2418747859713,1427,50,50,50
-404.7026582148196,455.6066925526643,1427,50,50,50
-387.3378404481266,357.1259172514435,1527,50,50,50
-132.45349331172815,351.2975740175659,1377,200,200,200
180.35365035862742,304.9112520164242,1277,100,100,100
377.31520096106897,339.64088754981026,1277,100,100,100
145.62401482524137,501.87280261886576,1277,100,100,100
342.5855654276829,536.6024381522518,1277,100,100,100
180.35365035862742,304.9112520164242,1477,100,100,100
145.62401482524137,501.87280261886576,1477,100,100,100
336.7572221938051,281.71809101585313,1427,50,50,50
435.23799749502587,299.0829087825464,1427,50,50,50
319.39240442711207,380.19886631707413,1427,50,50,50
417.87317972833307,397.56368408376693,1427,50,50,50
336.7572221938051,281.71809101585313,1527,50,50,50
319.39240442711207,380.19886631707413,1527,50,50,50
302.02758666041905,478.6796416182947,1427,50,50,50
400.5083619616398,496.04445938498793,1427,50,50,50
284.662768893726,577.1604169195157,1427,50,50,50
383.143544194947,594.5252346862085,1427,50,50,50
302.02758666041905,478.6796416182947,1527,50,50,50
574.2767515635105,374.3705230831963,1277,100,100,100
730.680323398688,351.17736208262545,1227,50,50,50
713.3155056319952,449.6581373838462,1227,50,50,50
498.98913726286037,513.409277151681,1227,50,50,50
597.4699125640814,530.774094918374,1227,50,50,50
481.6243194961676,611.8900524529017,1227,50,50,50
580.1050947973886,629.2548702195947,1227,50,50,50
498.98913726286037,513.409277151681,1327,50,50,50
597.4699125640814,530.774094918374,1327,50,50,50
481.6243194961676,611.8900524529017,1327,50,50,50
533.7187727962464,316.4477265492394,1427,50,50,50
516.3539550295536,414.9285018504602,1427,50,50,50
498.98913726286037,513.409277151681,1427,50,50,50
-1661.759576130119,386.2676334208327,1277,100,100,100
-1661.759576130119,386.2676334208327,1477,100,100,100
-1696.4892116635053,583.2291840232742,1477,100,100,100
-1800.798330198604,310.980019120183,1327,50,50,50
-1818.163147965297,409.46079442140376,1327,50,50,50
-1638.5664151295482,542.6712052560106,1227,50,50,50
-1655.9312328962415,641.1519805572314,1227,50,50,50
-1737.0471904307692,525.3063874893176,1327,50,50,50
-1638.5664151295482,542.6712052560106,1327,50,50,50
-1754.4120081974622,623.7871627905383,1327,50,50,50
-1655.9312328962415,641.1519805572314,1327,50,50,50
-1800.798330198604,310.980019120183,1427,50,50,50
-1818.163147965297,409.46079442140376,1427,50,50,50
-1800.798330198604,310.980019120183,1527,50,50,50
-1818.163147965297,409.46079442140376,1527,50,50,50
-1835.52796573199,507.94156972262454,1427,50,50,50
-1835.52796573199,507.94156972262454,1527,50,50,50
-1383.6820679931498,536.8428620221325,1377,200,200,200
-1070.8749243227944,490.4565400209908,1277,100,100,100
-873.9133737203529,525.1861755543769,1277,100,100,100
-1070.8749243227944,490.4565400209908,1477,100,100,100
-1146.1625386234443,629.4952940894757,1227,50,50,50
-1047.6817633222236,646.8601118561687,1227,50,50,50
-1163.5273563901374,727.9760693906965,1227,50,50,50
-1146.1625386234443,629.4952940894757,1327,50,50,50
-1047.6817633222236,646.8601118561687,1327,50,50,50
-1163.5273563901374,727.9760693906965,1327,50,50,50
-949.2009880210027,664.2249296228617,1227,50,50,50
-850.7202127197819,681.5897473895548,1227,50,50,50
-914.4713524876165,467.2633790204202,1427,50,50,50
-815.9905771863957,484.6281967871132,1427,50,50,50
-914.4713524876165,467.2633790204202,1527,50,50,50
-1146.1625386234443,629.4952940894757,1427,50,50,50
-1047.6817633222236,646.8601118561687,1427,50,50,50
-1163.5273563901374,727.9760693906965,1427,50,50,50
-1146.1625386234443,629.4952940894757,1527,50,50,50
-1047.6817633222236,646.8601118561687,1527,50,50,50
-1163.5273563901374,727.9760693906965,1527,50,50,50
-676.9518231179111,559.9158110877631,1277,100,100,100
-479.99027251546954,594.6454466211492,1277,100,100,100
-752.2394374185611,698.9545651562478,1227,50,50,50
-653.7586621173404,716.3193829229408,1227,50,50,50
-555.2778868161195,733.684200689634,1227,50,50,50
-456.7971115148989,751.0490184563268,1227,50,50,50
-717.509801885175,501.99301455380623,1427,50,50,50
-619.0290265839542,519.3578323204993,1427,50,50,50
-520.5482512827334,536.7226500871923,1427,50,50,50
-422.06747598151264,554.0874678538853,1427,50,50,50
-283.028721913028,629.3750821545352,1277,100,100,100
-86.06717131058645,664.1047176879213,1277,100,100,100
-358.3163362136779,768.4138362230201,1227,50,50,50
-259.8355609124569,785.7786539897129,1227,50,50,50
-161.35478561123637,803.1434717564061,1227,50,50,50
-62.874010310015365,820.5082895230989,1227,50,50,50
-323.58670068029164,571.4522856205783,1427,50,50,50
-225.10592537907087,588.8171033872713,1427,50,50,50
-242.4707431457639,687.2978786884921,1427,50,50,50
-126.6251500778501,606.1819211539646,1427,50,50,50
-28.14437477662932,623.5467389206574,1427,50,50,50
-143.98996784454312,704.6626964551851,1427,50,50,50
-45.50919254332234,722.0275142218784,1427,50,50,50
-126.6251500778501,606.1819211539646,1527,50,50,50
110.89437929185533,698.8343532213073,1277,100,100,100
267.297951127033,675.6411922207367,1227,50,50,50
365.778726428254,693.0060099874295,1227,50,50,50
249.93313336033998,774.1219675219572,1227,50,50,50
267.297951127033,675.6411922207367,1327,50,50,50
365.778726428254,693.0060099874295,1327,50,50,50
35.60676499120518,837.8731072897922,1227,50,50,50
70.33640052459145,640.9115566873506,1427,50,50,50
168.81717582581246,658.2763744540434,1427,50,50,50
267.297951127033,675.6411922207367,1427,50,50,50
464.2595017294743,710.3708277541227,1227,50,50,50
-1731.2188471968914,780.1907346257162,1477,100,100,100
-1673.2960506629342,739.6327558584521,1227,50,50,50
-1690.6608684296275,838.1135311596731,1227,50,50,50
-1771.7768259641553,722.2679380917589,1327,50,50,50
-1673.2960506629342,739.6327558584521,1327,50,50,50
-1789.1416437308483,820.7487133929799,1327,50,50,50
-1690.6608684296275,838.1135311596731,1327,50,50,50
-1708.0256861963203,936.5943064608937,1327,50,50,50
-1708.0256861963203,936.5943064608937,1427,50,50,50
-1708.0256861963203,936.5943064608937,1527,50,50,50
-1534.2572965944496,814.9203701591023,1277,100,100,100
-1534.2572965944496,814.9203701591023,1477,100,100,100
-1337.295745992008,849.6500056924883,1477,100,100,100
-1377.853724759272,791.727209158531,1227,50,50,50
-1377.853724759272,791.727209158531,1327,50,50,50
-1279.3729494580512,809.0920269252242,1327,50,50,50
-1395.218542525965,890.207984459752,1327,50,50,50
-1296.7377672247442,907.5728022264452,1327,50,50,50
-1609.5449108950997,953.9591242275865,1327,50,50,50
-1511.0641355938787,971.3239419942797,1327,50,50,50
-1412.583360292658,988.6887597609725,1327,50,50,50
-1609.5449108950997,953.9591242275865,1427,50,50,50
-1511.0641355938787,971.3239419942797,1427,50,50,50
-1609.5449108950997,953.9591242275865,1527,50,50,50
-1511.0641355938787,971.3239419942797,1527,50,50,50
-1412.583360292658,988.6887597609725,1427,50,50,50
-1314.1025849914372,1006.0535775276658,1427,50,50,50
-1412.583360292658,988.6887597609725,1527,50,50,50
-1517.012690762697,-146.69422185253507,1927,50,50,50
-1418.5319154614763,-129.32940408584204,1627,50,50,50
-1320.0511401602555,-111.96458631914902,1627,50,50,50
-1418.5319154614763,-129.32940408584204,1727,50,50,50
-1320.0511401602555,-111.96458631914902,1727,50,50,50
-1221.5703648590347,-94.599768552456,1627,50,50,50
-1123.0895895578137,-77.23495078576298,1627,50,50,50
-1221.5703648590347,-94.599768552456,1727,50,50,50
-1123.0895895578137,-77.23495078576298,1727,50,50,50
-1366.4374621613972,-424.7717299895046,1927,50,50,50
-1383.8022799280902,-326.2909546882838,1927,50,50,50
-1285.3215046268695,-308.9261369215908,1927,50,50,50
-1418.5319154614763,-129.32940408584204,1827,50,50,50
-1320.0511401602555,-111.96458631914902,1827,50,50,50
-1401.1670976947833,-227.81017938706282,1927,50,50,50
-1302.6863223935625,-210.4453616203698,1927,50,50,50
-1418.5319154614763,-129.32940408584204,1927,50,50,50
-1320.0511401602555,-111.96458631914902,1927,50,50,50
-1221.5703648590347,-94.599768552456,1827,50,50,50
58.67971405683579,131.1428624145533,1627,50,50,50
-1627.029940596733,189.30608281839113,1677,100,100,100
-1627.029940596733,189.30608281839113,1877,100,100,100
-1632.8582838306108,-65.57826431800731,1627,50,50,50
-1534.37750852939,-48.21344655131429,1627,50,50,50
-1650.2231015973039,32.90251098321346,1627,50,50,50
-1551.742326296083,50.26732874990648,1627,50,50,50
-1534.37750852939,-48.21344655131429,1727,50,50,50
-1650.2231015973039,32.90251098321346,1727,50,50,50
-1551.742326296083,50.26732874990648,1727,50,50,50
-1766.0686946652177,114.01846851774121,1627,50,50,50
-1783.433512431911,212.499243818962,1627,50,50,50
-1783.433512431911,212.499243818962,1727,50,50,50
-1534.37750852939,-48.21344655131429,1827,50,50,50
-1650.2231015973039,32.90251098321346,1827,50,50,50
-1551.742326296083,50.26732874990648,1827,50,50,50
-1534.37750852939,-48.21344655131429,1927,50,50,50
-1551.742326296083,50.26732874990648,1927,50,50,50
-1783.433512431911,212.499243818962,1927,50,50,50
-1314.2227969263777,142.91976081724943,1777,200,200,200
-1036.1452887894084,293.49498941854927,1677,100,100,100
-1041.973632023286,38.61064228215082,1627,50,50,50
-1059.3384497899792,137.0914175833716,1627,50,50,50
-960.8576744887583,154.45623535006462,1627,50,50,50
-1041.973632023286,38.61064228215082,1727,50,50,50
-1059.3384497899792,137.0914175833716,1727,50,50,50
-1041.973632023286,38.61064228215082,1827,50,50,50
-1059.3384497899792,137.0914175833716,1827,50,50,50
-1041.973632023286,38.61064228215082,1927,50,50,50
-943.4928567220653,55.97546004884384,1927,50,50,50
-1059.3384497899792,137.0914175833716,1927,50,50,50
-960.8576744887583,154.45623535006462,1927,50,50,50
-1076.703267556672,235.57219288459237,1827,50,50,50
-1094.0680853233653,334.05296818581314,1827,50,50,50
-1076.703267556672,235.57219288459237,1927,50,50,50
-1094.0680853233653,334.05296818581314,1927,50,50,50
41.31489629014277,229.6236377157743,1627,50,50,50
23.950078523449747,328.10441301699484,1627,50,50,50
139.79567159136354,246.9884554824671,1627,50,50,50
122.43085382467052,345.4692307836881,1627,50,50,50
-1661.759576130119,386.2676334208327,1677,100,100,100
-1696.4892116635053,583.2291840232742,1677,100,100,100
-1661.759576130119,386.2676334208327,1877,100,100,100
-1696.4892116635053,583.2291840232742,1877,100,100,100
-1800.798330198604,310.980019120183,1627,50,50,50
-1818.163147965297,409.46079442140376,1627,50,50,50
-1800.798330198604,310.980019120183,1727,50,50,50
-1835.52796573199,507.94156972262454,1627,50,50,50
-1800.798330198604,310.980019120183,1827,50,50,50
-1818.163147965297,409.46079442140376,1827,50,50,50
-1800.798330198604,310.980019120183,1927,50,50,50
-1818.163147965297,409.46079442140376,1927,50,50,50
-1383.6820679931498,536.8428620221325,1777,200,200,200
-1111.4329030900583,432.53374348703414,1627,50,50,50
-1012.9521277888375,449.89856125372717,1627,50,50,50
-1128.7977208567513,531.0145187882549,1627,50,50,50
-1030.3169455555305,548.3793365549479,1627,50,50,50
-1111.4329030900583,432.53374348703414,1727,50,50,50
-1012.9521277888375,449.89856125372717,1727,50,50,50
-1128.7977208567513,531.0145187882549,1727,50,50,50
-1146.1625386234443,629.4952940894757,1627,50,50,50
-1047.6817633222236,646.8601118561687,1627,50,50,50
-1163.5273563901374,727.9760693906965,1627,50,50,50
-1146.1625386234443,629.4952940894757,1727,50,50,50
-1111.4329030900583,432.53374348703414,1827,50,50,50
-1128.7977208567513,531.0145187882549,1827,50,50,50
-1111.4329030900583,432.53374348703414,1927,50,50,50
-1128.7977208567513,531.0145187882549,1927,50,50,50
-1146.1625386234443,629.4952940894757,1827,50,50,50
-1146.1625386234443,629.4952940894757,1927,50,50,50
-1771.7768259641553,722.2679380917589,1627,50,50,50
-1673.2960506629342,739.6327558584521,1627,50,50,50
-1789.1416437308483,820.7487133929799,1627,50,50,50
-1690.6608684296275,838.1135311596731,1627,50,50,50
-1771.7768259641553,722.2679380917589,1727,50,50,50
-1673.2960506629342,739.6327558584521,1727,50,50,50
-1690.6608684296275,838.1135311596731,1727,50,50,50
-1708.0256861963203,936.5943064608937,1627,50,50,50
-1771.7768259641553,722.2679380917589,1827,50,50,50
-1673.2960506629342,739.6327558584521,1827,50,50,50
-1690.6608684296275,838.1135311596731,1827,50,50,50
-1673.2960506629342,739.6327558584521,1927,50,50,50
-1534.2572965944496,814.9203701591023,1677,100,100,100
-1377.853724759272,791.727209158531,1627,50,50,50
-1279.3729494580512,809.0920269252242,1627,50,50,50
-1395.218542525965,890.207984459752,1627,50,50,50
-1377.853724759272,791.727209158531,1727,50,50,50
-1395.218542525965,890.207984459752,1727,50,50,50
-1609.5449108950997,953.9591242275865,1627,50,50,50
-1511.0641355938787,971.3239419942797,1627,50,50,50
-1609.5449108950997,953.9591242275865,1727,50,50,50
-1511.0641355938787,971.3239419942797,1727,50,50,50
-1412.583360292658,988.6887597609725,1627,50,50,50
-1574.8152753617137,756.9975736251449,1827,50,50,50
-1476.3345000604927,774.3623913918382,1827,50,50,50
-1592.1800931284065,855.4783489263659,1827,50,50,50
-1493.699317827186,872.8431666930592,1827,50,50,50
-1574.8152753617137,756.9975736251449,1927,50,50,50
-1476.3345000604927,774.3623913918382,1927,50,50,50
-1377.853724759272,791.727209158531,1827,50,50,50
-1395.218542525965,890.207984459752,1827,50,50,50
-1377.853724759272,791.727209158531,1927,50,50,50
-1360.7293308624598,-1033.0211995635223,2127,50,50,50
-1378.0941486291529,-934.5404242623015,2127,50,50,50
-1343.3645130957666,-1131.5019748647433,2227,50,50,50
-1343.3645130957666,-1131.5019748647433,2327,50,50,50
-1360.7293308624598,-1033.0211995635223,2227,50,50,50
-1378.0941486291529,-934.5404242623015,2227,50,50,50
-1360.7293308624598,-1033.0211995635223,2327,50,50,50
-1378.0941486291529,-934.5404242623015,2327,50,50,50
-1244.883737794546,-1114.1371570980502,2327,50,50,50
-1262.2485555612388,-1015.6563817968294,2227,50,50,50
-1279.613373327932,-917.1756064956085,2227,50,50,50
-1262.2485555612388,-1015.6563817968294,2327,50,50,50
-1279.613373327932,-917.1756064956085,2327,50,50,50
-1395.458966395846,-836.0596489610807,2027,50,50,50
-1412.823784162539,-737.57887365986,2027,50,50,50
-1395.458966395846,-836.0596489610807,2127,50,50,50
-1412.823784162539,-737.57887365986,2127,50,50,50
-1430.188601929232,-639.0980983586392,2027,50,50,50
-1447.553419695925,-540.6173230574184,2027,50,50,50
-1430.188601929232,-639.0980983586392,2127,50,50,50
-1447.553419695925,-540.6173230574184,2127,50,50,50
-1395.458966395846,-836.0596489610807,2227,50,50,50
-1412.823784162539,-737.57887365986,2227,50,50,50
-1395.458966395846,-836.0596489610807,2327,50,50,50
-1511.3045594637597,-754.9436914265531,2327,50,50,50
-1412.823784162539,-737.57887365986,2327,50,50,50
-1430.188601929232,-639.0980983586392,2227,50,50,50
-1546.0341949971457,-557.9821408241114,2227,50,50,50
-1447.553419695925,-540.6173230574184,2227,50,50,50
-1528.6693772304527,-656.4629161253322,2327,50,50,50
-1430.188601929232,-639.0980983586392,2327,50,50,50
-1546.0341949971457,-557.9821408241114,2327,50,50,50
-1447.553419695925,-540.6173230574184,2327,50,50,50
-1314.3430088613181,-720.214055893167,2027,50,50,50
-1296.9781910946251,-818.6948311943878,2127,50,50,50
-1314.3430088613181,-720.214055893167,2127,50,50,50
-1331.7078266280112,-621.7332805919461,2027,50,50,50
-1349.0726443947042,-523.2525052907254,2027,50,50,50
-1331.7078266280112,-621.7332805919461,2127,50,50,50
-1349.0726443947042,-523.2525052907254,2127,50,50,50
-1250.5918690934834,-505.88768752403234,2127,50,50,50
-1296.9781910946251,-818.6948311943878,2227,50,50,50
-1314.3430088613181,-720.214055893167,2227,50,50,50
-1296.9781910946251,-818.6948311943878,2327,50,50,50
-1314.3430088613181,-720.214055893167,2327,50,50,50
-1331.7078266280112,-621.7332805919461,2227,50,50,50
-1349.0726443947042,-523.2525052907254,2227,50,50,50
-1250.5918690934834,-505.88768752403234,2227,50,50,50
-1331.7078266280112,-621.7332805919461,2327,50,50,50
-1349.0726443947042,-523.2525052907254,2327,50,50,50
-364.2648913824962,-349.60432762379503,2327,50,50,50
-265.78411608127544,-332.2395098571019,2327,50,50,50
-1464.918237462618,-442.1365477561976,2027,50,50,50
-1482.283055229311,-343.65577245497684,2027,50,50,50
-1464.918237462618,-442.1365477561976,2127,50,50,50
-1482.283055229311,-343.65577245497684,2127,50,50,50
-1499.647872996004,-245.17499715375584,2027,50,50,50
-1517.012690762697,-146.69422185253507,2027,50,50,50
-1499.647872996004,-245.17499715375584,2127,50,50,50
-1517.012690762697,-146.69422185253507,2127,50,50,50
-1464.918237462618,-442.1365477561976,2227,50,50,50
-1482.283055229311,-343.65577245497684,2227,50,50,50
-1464.918237462618,-442.1365477561976,2327,50,50,50
-1325.8794833941333,-366.8489334555477,2077,100,100,100
-1401.1670976947833,-227.81017938706282,2027,50,50,50
-1302.6863223935625,-210.4453616203698,2027,50,50,50
-1418.5319154614763,-129.32940408584204,2027,50,50,50
-1320.0511401602555,-111.96458631914902,2027,50,50,50
-1401.1670976947833,-227.81017938706282,2127,50,50,50
-1302.6863223935625,-210.4453616203698,2127,50,50,50
-1418.5319154614763,-129.32940408584204,2127,50,50,50
-1366.4374621613972,-424.7717299895046,2227,50,50,50
-1383.8022799280902,-326.2909546882838,2227,50,50,50
-1401.1670976947833,-227.81017938706282,2227,50,50,50
-694.4368528195446,-204.73723032143243,2127,50,50,50
-1024.6088142565932,-59.870133019069954,2027,50,50,50
-926.1280389553723,-42.50531525237693,2027,50,50,50
-908.7632211886793,-140.9860905535977,2127,50,50,50
-1024.6088142565932,-59.870133019069954,2127,50,50,50
-926.1280389553723,-42.50531525237693,2127,50,50,50
-810.2824458874584,-123.62127278690468,2027,50,50,50
-827.6472636541514,-25.14049748568391,2027,50,50,50
-729.1664883529306,-7.775679718990887,2027,50,50,50
-810.2824458874584,-123.62127278690468,2127,50,50,50
-711.8016705862376,-106.25645502021166,2127,50,50,50
-827.6472636541514,-25.14049748568391,2127,50,50,50
-729.1664883529306,-7.775679718990887,2127,50,50,50
-792.9176281207654,-222.10204808812568,2227,50,50,50
-694.4368528195446,-204.73723032143243,2227,50,50,50
-677.0720350528516,-303.21800562265344,2327,50,50,50
-792.9176281207654,-222.10204808812568,2327,50,50,50
-694.4368528195446,-204.73723032143243,2327,50,50,50
-908.7632211886793,-140.9860905535977,2227,50,50,50
-1024.6088142565932,-59.870133019069954,2227,50,50,50
-926.1280389553723,-42.50531525237693,2227,50,50,50
-908.7632211886793,-140.9860905535977,2327,50,50,50
-926.1280389553723,-42.50531525237693,2327,50,50,50
-810.2824458874584,-123.62127278690468,2227,50,50,50
-711.8016705862376,-106.25645502021166,2227,50,50,50
-827.6472636541514,-25.14049748568391,2227,50,50,50
-729.1664883529306,-7.775679718990887,2227,50,50,50
-810.2824458874584,-123.62127278690468,2327,50,50,50
-711.8016705862376,-106.25645502021166,2327,50,50,50
-827.6472636541514,-25.14049748568391,2327,50,50,50
-595.9560775183238,-187.3724125547394,2127,50,50,50
-613.3208952850168,-88.89163725351864,2127,50,50,50
-514.8401199837961,-71.52681948682562,2127,50,50,50
-630.6857130517099,9.589138047702136,2127,50,50,50
-578.5912597516308,-285.8531878559602,2227,50,50,50
-480.11048445041,-268.48837008926716,2227,50,50,50
-595.9560775183238,-187.3724125547394,2227,50,50,50
-497.47530221710304,-170.0075947880464,2227,50,50,50
-578.5912597516308,-285.8531878559602,2327,50,50,50
-480.11048445041,-268.48837008926716,2327,50,50,50
-595.9560775183238,-187.3724125547394,2327,50,50,50
-381.62970914918924,-251.12355232257414,2227,50,50,50
-398.99452691588226,-152.64277702135337,2227,50,50,50
-381.62970914918924,-251.12355232257414,2327,50,50,50
-613.3208952850168,-88.89163725351864,2227,50,50,50
-514.8401199837961,-71.52681948682562,2227,50,50,50
-1534.37750852939,-48.21344655131429,2027,50,50,50
-1551.742326296083,50.26732874990648,2027,50,50,50
-1667.587919363997,131.38328628443423,2027,50,50,50
-1569.1071440627761,148.74810405112726,2027,50,50,50
-1684.95273713069,229.864061585655,2027,50,50,50
-1586.4719618294691,247.22887935234803,2027,50,50,50
-1435.8967332281693,-30.84862878462127,2027,50,50,50
-1337.4159579269485,-13.483811017928247,2027,50,50,50
-1453.2615509948623,67.6321465165995,2027,50,50,50
-1354.7807756936415,84.99696428329253,2027,50,50,50
-1435.8967332281693,-30.84862878462127,2127,50,50,50
-1238.9351826257275,3.8810067487647757,2027,50,50,50
-1140.454407324507,21.245824515457798,2027,50,50,50
-1256.3000003924208,102.36178204998555,2027,50,50,50
-1157.8192250911998,119.72659981667857,2027,50,50,50
-1140.454407324507,21.245824515457798,2127,50,50,50
-1157.8192250911998,119.72659981667857,2127,50,50,50
-1470.6263687615553,166.11292181782028,2027,50,50,50
-1372.1455934603346,183.4777395845133,2027,50,50,50
-1487.9911865282484,264.59369711904105,2027,50,50,50
-1389.5104112270276,281.9585148857341,2027,50,50,50
-1273.6648181591136,200.84255735120632,2027,50,50,50
-1175.184042857893,218.20737511789935,2027,50,50,50
-1291.0296359258068,299.3233326524271,2027,50,50,50
-1192.548860624586,316.6881504191201,2027,50,50,50
-1001.4156532560222,96.53343881610772,2077,100,100,100
-845.0120814208444,73.34027781553687,2027,50,50,50
-845.0120814208444,73.34027781553687,2127,50,50,50
-1076.703267556672,235.57219288459237,2027,50,50,50
-1094.0680853233653,334.05296818581314,2027,50,50,50
-1041.973632023286,38.61064228215082,2227,50,50,50
-943.4928567220653,55.97546004884384,2227,50,50,50
-943.4928567220653,55.97546004884384,2327,50,50,50
-845.0120814208444,73.34027781553687,2227,50,50,50
-845.0120814208444,73.34027781553687,2327,50,50,50
-1702.3175548973832,328.344836886876,2027,50,50,50
-1603.8367795961622,345.70965465356903,2027,50,50,50
-1719.682372664076,426.8256121880968,2027,50,50,50
-1621.2015973628552,444.1904299547898,2027,50,50,50
-1638.5664151295482,542.6712052560106,2027,50,50,50
-1505.3560042949414,363.07447242026205,2027,50,50,50
-1406.8752289937206,380.4392901869551,2027,50,50,50
-1522.7208220616344,461.55524772148283,2027,50,50,50
-1424.2400467604136,478.92006548817585,2027,50,50,50
-1406.8752289937206,380.4392901869551,2127,50,50,50
-1308.3944536924998,397.8041079536481,2027,50,50,50
-1209.913678391279,415.1689257203411,2027,50,50,50
-1325.7592714591929,496.2848832548689,2027,50,50,50
-1227.278496157972,513.6497010215619,2027,50,50,50
-1540.0856398283277,560.0360230227036,2027,50,50,50
-1441.6048645271067,577.4008407893966,2027,50,50,50
-1557.4504575950205,658.5167983239244,2027,50,50,50
-1458.9696822938,675.8816160906174,2027,50,50,50
-1343.1240892258859,594.7656585560896,2027,50,50,50
-1244.643313924665,612.1304763227827,2027,50,50,50
-1360.488906992579,693.2464338573104,2027,50,50,50
-1262.0081316913581,710.6112516240032,2027,50,50,50
-1111.4329030900583,432.53374348703414,2027,50,50,50
-1128.7977208567513,531.0145187882549,2027,50,50,50
-1146.1625386234443,629.4952940894757,2027,50,50,50
-1343.3645130957666,-1131.5019748647433,2427,50,50,50
-1343.3645130957666,-1131.5019748647433,2527,50,50,50
-1360.7293308624598,-1033.0211995635223,2427,50,50,50
-1378.0941486291529,-934.5404242623015,2427,50,50,50
-1459.2101061636806,-1050.3860173302155,2527,50,50,50
-1360.7293308624598,-1033.0211995635223,2527,50,50,50
-1476.5749239303736,-951.9052420289946,2527,50,50,50
-1227.5189200278528,-1212.617932399271,2427,50,50,50
-1244.883737794546,-1114.1371570980502,2427,50,50,50
-1262.2485555612388,-1015.6563817968294,2427,50,50,50
-1493.9397416970667,-853.4244667277738,2427,50,50,50
-1395.458966395846,-836.0596489610807,2427,50,50,50
-1511.3045594637597,-754.9436914265531,2427,50,50,50
-1412.823784162539,-737.57887365986,2427,50,50,50
-231.0544805478894,-529.2010604595437,2527,50,50,50
-462.745666683717,-366.96914539048805,2427,50,50,50
-462.745666683717,-366.96914539048805,2527,50,50,50
-346.9000736158032,-448.0851029250158,2427,50,50,50
-248.41929831458242,-430.72028515832267,2427,50,50,50
-364.2648913824962,-349.60432762379503,2427,50,50,50
-346.9000736158032,-448.0851029250158,2527,50,50,50
-364.2648913824962,-349.60432762379503,2527,50,50,50
-231.0544805478894,-529.2010604595437,2627,50,50,50
-462.745666683717,-366.96914539048805,2627,50,50,50
-346.9000736158032,-448.0851029250158,2627,50,50,50
-346.9000736158032,-448.0851029250158,2727,50,50,50
-694.4368528195446,-204.73723032143243,2427,50,50,50
-694.4368528195446,-204.73723032143243,2527,50,50,50
-810.2824458874584,-123.62127278690468,2427,50,50,50
-711.8016705862376,-106.25645502021166,2427,50,50,50
-827.6472636541514,-25.14049748568391,2427,50,50,50
-729.1664883529306,-7.775679718990887,2427,50,50,50
-578.5912597516308,-285.8531878559602,2427,50,50,50
-480.11048445041,-268.48837008926716,2427,50,50,50
-595.9560775183238,-187.3724125547394,2427,50,50,50
-578.5912597516308,-285.8531878559602,2527,50,50,50
-480.11048445041,-268.48837008926716,2527,50,50,50
-595.9560775183238,-187.3724125547394,2527,50,50,50
-613.3208952850168,-88.89163725351864,2527,50,50,50
-480.11048445041,-268.48837008926716,2627,50,50,50
